--
-- TABLE STRUCTURE FOR: Advertisement
--
INSERT INTO Advertisement ([id], [tax]) VALUES (1, '18.55');
INSERT INTO Advertisement ([id], [tax]) VALUES (2, '1.19');
INSERT INTO Advertisement ([id], [tax]) VALUES (3, '3.38');
INSERT INTO Advertisement ([id], [tax]) VALUES (4, '17.35');
INSERT INTO Advertisement ([id], [tax]) VALUES (5, '9.16');
INSERT INTO Advertisement ([id], [tax]) VALUES (6, '15.82');
INSERT INTO Advertisement ([id], [tax]) VALUES (7, '8.77');
INSERT INTO Advertisement ([id], [tax]) VALUES (8, '13.9');
INSERT INTO Advertisement ([id], [tax]) VALUES (9, '14.12');
INSERT INTO Advertisement ([id], [tax]) VALUES (10, '15.43');
INSERT INTO Advertisement ([id], [tax]) VALUES (11, '14.55');
INSERT INTO Advertisement ([id], [tax]) VALUES (12, '13.78');
INSERT INTO Advertisement ([id], [tax]) VALUES (13, '9.69');
INSERT INTO Advertisement ([id], [tax]) VALUES (14, '11.51');
INSERT INTO Advertisement ([id], [tax]) VALUES (15, '16.28');
INSERT INTO Advertisement ([id], [tax]) VALUES (16, '9.55');
INSERT INTO Advertisement ([id], [tax]) VALUES (17, '13.76');
INSERT INTO Advertisement ([id], [tax]) VALUES (18, '3.75');
INSERT INTO Advertisement ([id], [tax]) VALUES (19, '7.21');
INSERT INTO Advertisement ([id], [tax]) VALUES (20, '15.88');
INSERT INTO Advertisement ([id], [tax]) VALUES (21, '17.48');
INSERT INTO Advertisement ([id], [tax]) VALUES (22, '2.43');
INSERT INTO Advertisement ([id], [tax]) VALUES (23, '5.5');
INSERT INTO Advertisement ([id], [tax]) VALUES (24, '18.03');
INSERT INTO Advertisement ([id], [tax]) VALUES (25, '3.92');
INSERT INTO Advertisement ([id], [tax]) VALUES (26, '11.68');
INSERT INTO Advertisement ([id], [tax]) VALUES (27, '4.92');
INSERT INTO Advertisement ([id], [tax]) VALUES (28, '11.09');
INSERT INTO Advertisement ([id], [tax]) VALUES (29, '8.5');
INSERT INTO Advertisement ([id], [tax]) VALUES (30, '17.4');
INSERT INTO Advertisement ([id], [tax]) VALUES (31, '4.15');
INSERT INTO Advertisement ([id], [tax]) VALUES (32, '13.09');
INSERT INTO Advertisement ([id], [tax]) VALUES (33, '3.17');
INSERT INTO Advertisement ([id], [tax]) VALUES (34, '4.13');
INSERT INTO Advertisement ([id], [tax]) VALUES (35, '17.27');
INSERT INTO Advertisement ([id], [tax]) VALUES (36, '19.96');
INSERT INTO Advertisement ([id], [tax]) VALUES (37, '15.02');
INSERT INTO Advertisement ([id], [tax]) VALUES (38, '4.34');
INSERT INTO Advertisement ([id], [tax]) VALUES (39, '10.11');
INSERT INTO Advertisement ([id], [tax]) VALUES (40, '3.59');
INSERT INTO Advertisement ([id], [tax]) VALUES (41, '5.9');
INSERT INTO Advertisement ([id], [tax]) VALUES (42, '6.91');
INSERT INTO Advertisement ([id], [tax]) VALUES (43, '12.18');
INSERT INTO Advertisement ([id], [tax]) VALUES (44, '11.31');
INSERT INTO Advertisement ([id], [tax]) VALUES (45, '12.6');
INSERT INTO Advertisement ([id], [tax]) VALUES (46, '7.81');
INSERT INTO Advertisement ([id], [tax]) VALUES (47, '15.13');
INSERT INTO Advertisement ([id], [tax]) VALUES (48, '6.82');
INSERT INTO Advertisement ([id], [tax]) VALUES (49, '14.88');
INSERT INTO Advertisement ([id], [tax]) VALUES (50, '16.69');
INSERT INTO Advertisement ([id], [tax]) VALUES (51, '14.86');
INSERT INTO Advertisement ([id], [tax]) VALUES (52, '2.79');
INSERT INTO Advertisement ([id], [tax]) VALUES (53, '9.52');
INSERT INTO Advertisement ([id], [tax]) VALUES (54, '15.17');
INSERT INTO Advertisement ([id], [tax]) VALUES (55, '1.71');
INSERT INTO Advertisement ([id], [tax]) VALUES (56, '15.02');
INSERT INTO Advertisement ([id], [tax]) VALUES (57, '4.29');
INSERT INTO Advertisement ([id], [tax]) VALUES (58, '9.08');
INSERT INTO Advertisement ([id], [tax]) VALUES (59, '12.04');
INSERT INTO Advertisement ([id], [tax]) VALUES (60, '3.14');
INSERT INTO Advertisement ([id], [tax]) VALUES (61, '19.61');
INSERT INTO Advertisement ([id], [tax]) VALUES (62, '13.66');
INSERT INTO Advertisement ([id], [tax]) VALUES (63, '17.39');
INSERT INTO Advertisement ([id], [tax]) VALUES (64, '17.81');
INSERT INTO Advertisement ([id], [tax]) VALUES (65, '1.53');
INSERT INTO Advertisement ([id], [tax]) VALUES (66, '17.27');
INSERT INTO Advertisement ([id], [tax]) VALUES (67, '19.29');
INSERT INTO Advertisement ([id], [tax]) VALUES (68, '1.06');
INSERT INTO Advertisement ([id], [tax]) VALUES (69, '15.07');
INSERT INTO Advertisement ([id], [tax]) VALUES (70, '14.11');
INSERT INTO Advertisement ([id], [tax]) VALUES (71, '11.39');
INSERT INTO Advertisement ([id], [tax]) VALUES (72, '19.88');
INSERT INTO Advertisement ([id], [tax]) VALUES (73, '6.84');
INSERT INTO Advertisement ([id], [tax]) VALUES (74, '8.28');
INSERT INTO Advertisement ([id], [tax]) VALUES (75, '2.39');
INSERT INTO Advertisement ([id], [tax]) VALUES (76, '12.74');
INSERT INTO Advertisement ([id], [tax]) VALUES (77, '4.47');
INSERT INTO Advertisement ([id], [tax]) VALUES (78, '5.43');
INSERT INTO Advertisement ([id], [tax]) VALUES (79, '5.41');
INSERT INTO Advertisement ([id], [tax]) VALUES (80, '7.35');
INSERT INTO Advertisement ([id], [tax]) VALUES (81, '8.74');
INSERT INTO Advertisement ([id], [tax]) VALUES (82, '9.48');
INSERT INTO Advertisement ([id], [tax]) VALUES (83, '2.31');
INSERT INTO Advertisement ([id], [tax]) VALUES (84, '11.15');
INSERT INTO Advertisement ([id], [tax]) VALUES (85, '10.62');
INSERT INTO Advertisement ([id], [tax]) VALUES (86, '15.88');
INSERT INTO Advertisement ([id], [tax]) VALUES (87, '5.55');
INSERT INTO Advertisement ([id], [tax]) VALUES (88, '4.69');
INSERT INTO Advertisement ([id], [tax]) VALUES (89, '3.89');
INSERT INTO Advertisement ([id], [tax]) VALUES (90, '7.62');
INSERT INTO Advertisement ([id], [tax]) VALUES (91, '11.56');
INSERT INTO Advertisement ([id], [tax]) VALUES (92, '19.94');
INSERT INTO Advertisement ([id], [tax]) VALUES (93, '10.8');
INSERT INTO Advertisement ([id], [tax]) VALUES (94, '16.73');
INSERT INTO Advertisement ([id], [tax]) VALUES (95, '6.77');
INSERT INTO Advertisement ([id], [tax]) VALUES (96, '3.98');
INSERT INTO Advertisement ([id], [tax]) VALUES (97, '12.94');
INSERT INTO Advertisement ([id], [tax]) VALUES (98, '19.8');
INSERT INTO Advertisement ([id], [tax]) VALUES (99, '6.04');
INSERT INTO Advertisement ([id], [tax]) VALUES (100, '12.26');

--
-- TABLE STRUCTURE FOR: Advertisement_species
--
INSERT INTO Advertisement_species ([Advertisement_id], [species]) VALUES (1, 'Dog');
INSERT INTO Advertisement_species ([Advertisement_id], [species]) VALUES (2, 'Reptile');
INSERT INTO Advertisement_species ([Advertisement_id], [species]) VALUES (3, 'Horse');
INSERT INTO Advertisement_species ([Advertisement_id], [species]) VALUES (4, 'Horse');
INSERT INTO Advertisement_species ([Advertisement_id], [species]) VALUES (5, 'Dog');
INSERT INTO Advertisement_species ([Advertisement_id], [species]) VALUES (6, 'Cat');
INSERT INTO Advertisement_species ([Advertisement_id], [species]) VALUES (7, 'Reptile');
INSERT INTO Advertisement_species ([Advertisement_id], [species]) VALUES (8, 'Dog');
INSERT INTO Advertisement_species ([Advertisement_id], [species]) VALUES (9, 'Cat');
INSERT INTO Advertisement_species ([Advertisement_id], [species]) VALUES (10, 'Dog');
INSERT INTO Advertisement_species ([Advertisement_id], [species]) VALUES (11, 'Horse');
INSERT INTO Advertisement_species ([Advertisement_id], [species]) VALUES (12, 'Reptile');
INSERT INTO Advertisement_species ([Advertisement_id], [species]) VALUES (13, 'Dog');
INSERT INTO Advertisement_species ([Advertisement_id], [species]) VALUES (14, 'Dog');
INSERT INTO Advertisement_species ([Advertisement_id], [species]) VALUES (15, 'Dog');
INSERT INTO Advertisement_species ([Advertisement_id], [species]) VALUES (16, 'Dog');
INSERT INTO Advertisement_species ([Advertisement_id], [species]) VALUES (17, 'Dog');
INSERT INTO Advertisement_species ([Advertisement_id], [species]) VALUES (18, 'Cat');
INSERT INTO Advertisement_species ([Advertisement_id], [species]) VALUES (19, 'Horse');
INSERT INTO Advertisement_species ([Advertisement_id], [species]) VALUES (20, 'Cat');
INSERT INTO Advertisement_species ([Advertisement_id], [species]) VALUES (21, 'Reptile');
INSERT INTO Advertisement_species ([Advertisement_id], [species]) VALUES (22, 'Dog');
INSERT INTO Advertisement_species ([Advertisement_id], [species]) VALUES (23, 'Reptile');
INSERT INTO Advertisement_species ([Advertisement_id], [species]) VALUES (24, 'Reptile');
INSERT INTO Advertisement_species ([Advertisement_id], [species]) VALUES (25, 'Dog');
INSERT INTO Advertisement_species ([Advertisement_id], [species]) VALUES (26, 'Cat');
INSERT INTO Advertisement_species ([Advertisement_id], [species]) VALUES (27, 'Reptile');
INSERT INTO Advertisement_species ([Advertisement_id], [species]) VALUES (28, 'Reptile');
INSERT INTO Advertisement_species ([Advertisement_id], [species]) VALUES (29, 'Dog');
INSERT INTO Advertisement_species ([Advertisement_id], [species]) VALUES (30, 'Reptile');
INSERT INTO Advertisement_species ([Advertisement_id], [species]) VALUES (31, 'Horse');
INSERT INTO Advertisement_species ([Advertisement_id], [species]) VALUES (32, 'Dog');
INSERT INTO Advertisement_species ([Advertisement_id], [species]) VALUES (33, 'Reptile');
INSERT INTO Advertisement_species ([Advertisement_id], [species]) VALUES (34, 'Dog');
INSERT INTO Advertisement_species ([Advertisement_id], [species]) VALUES (35, 'Dog');
INSERT INTO Advertisement_species ([Advertisement_id], [species]) VALUES (36, 'Cat');
INSERT INTO Advertisement_species ([Advertisement_id], [species]) VALUES (37, 'Reptile');
INSERT INTO Advertisement_species ([Advertisement_id], [species]) VALUES (38, 'Dog');
INSERT INTO Advertisement_species ([Advertisement_id], [species]) VALUES (39, 'Reptile');
INSERT INTO Advertisement_species ([Advertisement_id], [species]) VALUES (40, 'Dog');
INSERT INTO Advertisement_species ([Advertisement_id], [species]) VALUES (41, 'Cat');
INSERT INTO Advertisement_species ([Advertisement_id], [species]) VALUES (42, 'Dog');
INSERT INTO Advertisement_species ([Advertisement_id], [species]) VALUES (43, 'Dog');
INSERT INTO Advertisement_species ([Advertisement_id], [species]) VALUES (44, 'Cat');
INSERT INTO Advertisement_species ([Advertisement_id], [species]) VALUES (45, 'Dog');
INSERT INTO Advertisement_species ([Advertisement_id], [species]) VALUES (46, 'Horse');
INSERT INTO Advertisement_species ([Advertisement_id], [species]) VALUES (47, 'Horse');
INSERT INTO Advertisement_species ([Advertisement_id], [species]) VALUES (48, 'Horse');
INSERT INTO Advertisement_species ([Advertisement_id], [species]) VALUES (49, 'Horse');
INSERT INTO Advertisement_species ([Advertisement_id], [species]) VALUES (50, 'Horse');
INSERT INTO Advertisement_species ([Advertisement_id], [species]) VALUES (51, 'Dog');
INSERT INTO Advertisement_species ([Advertisement_id], [species]) VALUES (52, 'Reptile');
INSERT INTO Advertisement_species ([Advertisement_id], [species]) VALUES (53, 'Dog');
INSERT INTO Advertisement_species ([Advertisement_id], [species]) VALUES (54, 'Horse');
INSERT INTO Advertisement_species ([Advertisement_id], [species]) VALUES (55, 'Horse');
INSERT INTO Advertisement_species ([Advertisement_id], [species]) VALUES (56, 'Cat');
INSERT INTO Advertisement_species ([Advertisement_id], [species]) VALUES (57, 'Reptile');
INSERT INTO Advertisement_species ([Advertisement_id], [species]) VALUES (58, 'Reptile');
INSERT INTO Advertisement_species ([Advertisement_id], [species]) VALUES (59, 'Cat');
INSERT INTO Advertisement_species ([Advertisement_id], [species]) VALUES (60, 'Horse');
INSERT INTO Advertisement_species ([Advertisement_id], [species]) VALUES (61, 'Dog');
INSERT INTO Advertisement_species ([Advertisement_id], [species]) VALUES (62, 'Cat');
INSERT INTO Advertisement_species ([Advertisement_id], [species]) VALUES (63, 'Cat');
INSERT INTO Advertisement_species ([Advertisement_id], [species]) VALUES (64, 'Cat');
INSERT INTO Advertisement_species ([Advertisement_id], [species]) VALUES (65, 'Horse');
INSERT INTO Advertisement_species ([Advertisement_id], [species]) VALUES (66, 'Horse');
INSERT INTO Advertisement_species ([Advertisement_id], [species]) VALUES (67, 'Cat');
INSERT INTO Advertisement_species ([Advertisement_id], [species]) VALUES (68, 'Cat');
INSERT INTO Advertisement_species ([Advertisement_id], [species]) VALUES (69, 'Cat');
INSERT INTO Advertisement_species ([Advertisement_id], [species]) VALUES (70, 'Horse');
INSERT INTO Advertisement_species ([Advertisement_id], [species]) VALUES (71, 'Horse');
INSERT INTO Advertisement_species ([Advertisement_id], [species]) VALUES (72, 'Reptile');
INSERT INTO Advertisement_species ([Advertisement_id], [species]) VALUES (73, 'Horse');
INSERT INTO Advertisement_species ([Advertisement_id], [species]) VALUES (74, 'Cat');
INSERT INTO Advertisement_species ([Advertisement_id], [species]) VALUES (75, 'Dog');
INSERT INTO Advertisement_species ([Advertisement_id], [species]) VALUES (76, 'Dog');
INSERT INTO Advertisement_species ([Advertisement_id], [species]) VALUES (77, 'Cat');
INSERT INTO Advertisement_species ([Advertisement_id], [species]) VALUES (78, 'Cat');
INSERT INTO Advertisement_species ([Advertisement_id], [species]) VALUES (79, 'Horse');
INSERT INTO Advertisement_species ([Advertisement_id], [species]) VALUES (80, 'Reptile');
INSERT INTO Advertisement_species ([Advertisement_id], [species]) VALUES (81, 'Horse');
INSERT INTO Advertisement_species ([Advertisement_id], [species]) VALUES (82, 'Horse');
INSERT INTO Advertisement_species ([Advertisement_id], [species]) VALUES (83, 'Reptile');
INSERT INTO Advertisement_species ([Advertisement_id], [species]) VALUES (84, 'Cat');
INSERT INTO Advertisement_species ([Advertisement_id], [species]) VALUES (85, 'Dog');
INSERT INTO Advertisement_species ([Advertisement_id], [species]) VALUES (86, 'Reptile');
INSERT INTO Advertisement_species ([Advertisement_id], [species]) VALUES (87, 'Horse');
INSERT INTO Advertisement_species ([Advertisement_id], [species]) VALUES (88, 'Cat');
INSERT INTO Advertisement_species ([Advertisement_id], [species]) VALUES (89, 'Horse');
INSERT INTO Advertisement_species ([Advertisement_id], [species]) VALUES (90, 'Horse');
INSERT INTO Advertisement_species ([Advertisement_id], [species]) VALUES (91, 'Cat');
INSERT INTO Advertisement_species ([Advertisement_id], [species]) VALUES (92, 'Horse');
INSERT INTO Advertisement_species ([Advertisement_id], [species]) VALUES (93, 'Horse');
INSERT INTO Advertisement_species ([Advertisement_id], [species]) VALUES (94, 'Horse');
INSERT INTO Advertisement_species ([Advertisement_id], [species]) VALUES (95, 'Cat');
INSERT INTO Advertisement_species ([Advertisement_id], [species]) VALUES (96, 'Cat');
INSERT INTO Advertisement_species ([Advertisement_id], [species]) VALUES (97, 'Dog');
INSERT INTO Advertisement_species ([Advertisement_id], [species]) VALUES (98, 'Cat');
INSERT INTO Advertisement_species ([Advertisement_id], [species]) VALUES (99, 'Cat');
INSERT INTO Advertisement_species ([Advertisement_id], [species]) VALUES (100, 'Horse');
--
-- TABLE STRUCTURE FOR: Client
--
INSERT INTO Client ([email], [location], [password], [phone], [username]) VALUES ('adrienne.schumm@gmail.com', '241 Kshlerin IslandnNew Jewel, VA 21958', '24cd0c5e3d9a889b8a0c14baac1be488c31a6d4e', 926307157, 'judy.mante');
INSERT INTO Client ([email], [location], [password], [phone], [username]) VALUES ('ahyatt@yahoo.com', '341 Elwyn Court Suite 080nWest Carolinaside, WA 17674', '1daf71a4a2d76229a1997c2ab204ba08380046eb', 969010407, 'xziemann');
INSERT INTO Client ([email], [location], [password], [phone], [username]) VALUES ('aimee.schuster@gmail.com', '04693 Wisozk Path Apt. 208nHannahport, HI 78610', '7179cb5f10ba782cf78a441a01c7649c727e344c', 929673252, 'chaya70');
INSERT INTO Client ([email], [location], [password], [phone], [username]) VALUES ('arnaldo62@gmail.com', '417 Ledner MountainnElishamouth, IL 35510', '144de0020d79c7fdae244124fd9e53efe0655e43', 933455084, 'gibson.chasity');
INSERT INTO Client ([email], [location], [password], [phone], [username]) VALUES ('aubree00@yahoo.com', '377 Gleichner Meadows Suite 762nMacishire, SD 72389', 'e62cae02984cdcedb4bb96fd99628b3c3f7b713e', 967666380, 'miracle.emmerich');
INSERT INTO Client ([email], [location], [password], [phone], [username]) VALUES ('barry.schowalter@gmail.com', '5675 Birdie ShoresnLake Cydneychester, ND 88695', '0bf4ecd3445e530c672a787a939629583d532c83', 924289071, 'magdalena.heller');
INSERT INTO Client ([email], [location], [password], [phone], [username]) VALUES ('barton.jada@gmail.com', '0591 Sherman Inlet Suite 273nRiceborough, TX 50089', '9e2c2fd38338532ec1589c932c275abd0a5a8e5a', 910912680, 'darmstrong');
INSERT INTO Client ([email], [location], [password], [phone], [username]) VALUES ('bdurgan@yahoo.com', '4070 Jerome Row Apt. 343nLake Sandy, PA 75560', '31841f85f2c41ef258878ae8f3a2419b4d4892b1', 928262076, 'kiehn.mallie');
INSERT INTO Client ([email], [location], [password], [phone], [username]) VALUES ('beahan.alejandra@hotmail.com', '089 Bode Trail Suite 703nTremblayport, WA 18580', 'b00221940e7c1fe1c2888d366ef96c5b191dcf1e', 924734185, 'odessa11');
INSERT INTO Client ([email], [location], [password], [phone], [username]) VALUES ('beier.paula@gmail.com', '105 Judd Lights Suite 066nCorkerymouth, ND 72018-4515', 'f84df69e159ebd3007b309a794ebfa26a0185919', 938904955, 'hirthe.alexander');
INSERT INTO Client ([email], [location], [password], [phone], [username]) VALUES ('bernhard59@hotmail.com', '954 Streich Turnpike Apt. 478nGeneville, AK 83063-5772', 'ffe38a218719cf6738b2cc85cf7bf334a1eeeb54', 939752049, 'karina.skiles');
INSERT INTO Client ([email], [location], [password], [phone], [username]) VALUES ('blanda.frederik@hotmail.com', '61201 Weissnat ParksnMisaeltown, OK 88539-9909', 'ef24dc4d57ceb899c597733dd900e36b6bc8f4c0', 916972999, 'bailey.merritt');
INSERT INTO Client ([email], [location], [password], [phone], [username]) VALUES ('bmayert@hotmail.com', '326 Ayla Crest Suite 624nPort Johannaport, IL 44372', '485c40a7b933d341136ffc57e82327de1be107a2', 921819494, 'blanca20');
INSERT INTO Client ([email], [location], [password], [phone], [username]) VALUES ('boreilly@hotmail.com', '1073 Winfield Ferry Suite 088nPort Rosalee, OH 49324-9288', 'd5126330d28b621ca3fbe307457b1431b2310061', 932199121, 'mante.dejuan');
INSERT INTO Client ([email], [location], [password], [phone], [username]) VALUES ('bode.newell@hotmail.com', '300 Franecki Crest Suite 717nNorth Rowenaview, RI 04001', '0f56ae8c2cea83f8b32e565d168717bac344c31d', 945227183, 'bechtelar.shanie');
INSERT INTO Client ([email], [location], [password], [phone], [username]) VALUES ('brakus.dean@hotmail.com', '04562 Cummings DalenYostville, OK 70731-3479', '17c3e2eb8a43ea1db42ec2642023182f2c281025', 916167290, 'otto53');
INSERT INTO Client ([email], [location], [password], [phone], [username]) VALUES ('bveum@yahoo.com', '6439 Amya Centers Apt. 457nPort Kielland, DC 17527', 'e977bffaad4951745bd2b2b142891dbcfa3a331b', 920975238, 'wiza.shyanne');
INSERT INTO Client ([email], [location], [password], [phone], [username]) VALUES ('daisha54@gmail.com', '8792 Ibrahim Cape Apt. 295nLavernaview, MS 80459-6619', 'd1a3a0b9508b0c6d32f9e4b3fad2d90bb8bc6bbe', 922961611, 'nrunte');
INSERT INTO Client ([email], [location], [password], [phone], [username]) VALUES ('deangelo.greenholt@yahoo.com', '591 Muhammad DividenSouth Colinland, AZ 68635', '596ede392f48fdfe9c5ddf17d0872afac5de19d1', 930809107, 'balistreri.dino');
INSERT INTO Client ([email], [location], [password], [phone], [username]) VALUES ('dibbert.eryn@hotmail.com', '546 Clair MountnWestton, LA 98803-0539', 'e480f84f0ccd89bf6a9874a2b2320bcddf8c5776', 935434829, 'berry.legros');
INSERT INTO Client ([email], [location], [password], [phone], [username]) VALUES ('donnelly.rubye@yahoo.com', '28234 Matilda JunctionnPort Hayliechester, MT 18355-9790', '4f1f4d92c60d9d7f76e289258dbefae3409033fd', 921698119, 'malinda74');
INSERT INTO Client ([email], [location], [password], [phone], [username]) VALUES ('dpaucek@yahoo.com', '86798 Orie Mount Suite 961nLake Alycia, OH 05197', '33d46c48e43427aad384f87b622b6955d51b45d8', 918119802, 'lula.beer');
INSERT INTO Client ([email], [location], [password], [phone], [username]) VALUES ('droberts@hotmail.com', '3089 Roob GlensnSouth Braedenport, NE 38547-0392', 'ae23f21755cdf894ff0f809da59c6719567f3543', 958366908, 'allen.dubuque');
INSERT INTO Client ([email], [location], [password], [phone], [username]) VALUES ('earnestine.monahan@yahoo.com', '386 Heaney MissionnBruentown, TN 71175-1791', '15b6d924a33f680d8611957efe27dcc4b042b5a6', 937933383, 'lemke.maggie');
INSERT INTO Client ([email], [location], [password], [phone], [username]) VALUES ('emmerich.cecil@hotmail.com', '04839 Nils Mountains Apt. 586nEast Simeonshire, OH 84233', 'f0caa9e4315222421b17a829c82589ee675cc553', 918961031, 'kjakubowski');
INSERT INTO Client ([email], [location], [password], [phone], [username]) VALUES ('ereilly@yahoo.com', '63873 Zelda FordsnEast Cleora, MA 30002', '8e5cd03c70ddcdcfdb5953be8e03edc5171fe925', 955565308, 'shanahan.tyree');
INSERT INTO Client ([email], [location], [password], [phone], [username]) VALUES ('estrella.graham@yahoo.com', '89158 Maggio Harbors Apt. 437nWest Grace, IA 92908-7026', 'ca808d9e8df0c62291f929779c8d32199763fab7', 939797315, 'thartmann');
INSERT INTO Client ([email], [location], [password], [phone], [username]) VALUES ('fblock@gmail.com', '49642 Emmalee Plain Suite 959nPort Jermaineland, VT 62750', '0d2dea508244cd7fc1174ebb0c4bbc329bf04b6f', 968053165, 'genesis91');
INSERT INTO Client ([email], [location], [password], [phone], [username]) VALUES ('fernando77@hotmail.com', '753 Wisoky Mountains Apt. 574nNorth Chesterbury, LA 54404-8047', '15e576e543c58781e691696c9bb35393e5e6f0e5', 916360394, 'baron45');
INSERT INTO Client ([email], [location], [password], [phone], [username]) VALUES ('finn53@gmail.com', '07944 Kihn Stream Apt. 759nEast Zelma, OK 51591', '8c40573588bf405fef905fb611d98f171afd1539', 964229279, 'schultz.corrine');
INSERT INTO Client ([email], [location], [password], [phone], [username]) VALUES ('fritsch.molly@yahoo.com', '3072 Hoeger Pike Apt. 425nSchmelerberg, MN 42871', 'cb7eea23f727a7ff9c8337e860161684baebb73d', 967593139, 'hrohan');
INSERT INTO Client ([email], [location], [password], [phone], [username]) VALUES ('gavin12@gmail.com', '604 Arnold RoadsnElizabethland, AR 96500-3683', '63096d5cb90198480eb3b28de27ac0456ab0f6ec', 951050066, 'tmiller');
INSERT INTO Client ([email], [location], [password], [phone], [username]) VALUES ('georgiana.parisian@gmail.com', '0905 Vickie Mount Suite 783nSouth Amos, WA 49241', '8f274cf0bab10d8014205f4037e43cfca135f12d', 928619402, 'aklein');
INSERT INTO Client ([email], [location], [password], [phone], [username]) VALUES ('ggraham@gmail.com', '425 Madelynn ManornLake Rogers, MA 66948-8250', 'c916df8921d9b94f91ac24888802ba39c333dff0', 952561826, 'baumbach.naomie');
INSERT INTO Client ([email], [location], [password], [phone], [username]) VALUES ('gilberto.haley@yahoo.com', '35369 Marquardt Ranch Apt. 110nBinsview, KS 86840', '0930546278ecdb2a25e9054acfa610810e52d261', 918727774, 'rossie93');
INSERT INTO Client ([email], [location], [password], [phone], [username]) VALUES ('gjohns@gmail.com', '523 Dach MountainnLake Hal, MD 20184', '237406bcb48ad37bb3183f76c23efc0d3bf3b73e', 926147959, 'justyn.sporer');
INSERT INTO Client ([email], [location], [password], [phone], [username]) VALUES ('goodwin.raul@hotmail.com', '93963 Luz FortnJaniyachester, AL 08180-0455', '4165b768d0da91be48faa1a76e8400aef119317d', 962861499, 'korey.wolff');
INSERT INTO Client ([email], [location], [password], [phone], [username]) VALUES ('gosinski@gmail.com', '5650 Ford BranchnDuBuquetown, AR 64169', '4eba86aed836395c00ae2ecd1dc5591d1c4553cc', 954647889, 'jevon30');
INSERT INTO Client ([email], [location], [password], [phone], [username]) VALUES ('gulgowski.rubye@gmail.com', '1185 Valentina Union Apt. 280nNorth Dayanahaven, AR 07672', 'c9de2b2f026819ed790de5fd5540238deb0b13b3', 966426794, 'cecilia95');
INSERT INTO Client ([email], [location], [password], [phone], [username]) VALUES ('hackett.margot@gmail.com', '8004 Mills Place Suite 001nAylaland, CT 98240', 'c65009430439c6e6e129e33eba0aad2d3ed0161d', 955541507, 'magali.cummerata');
INSERT INTO Client ([email], [location], [password], [phone], [username]) VALUES ('hazle43@hotmail.com', '284 Valentin Fall Apt. 236nSouth Odell, UT 82183', 'cfba8e23da9681ce6a625909738a7613a24100a7', 953369321, 'xavier56');
INSERT INTO Client ([email], [location], [password], [phone], [username]) VALUES ('hbeahan@yahoo.com', '544 Predovic Keys Suite 861nLake Icietown, AK 43275-6763', '104c963ecd746be4b9875d3706cd7e3b684e9449', 961058158, 'stewart71');
INSERT INTO Client ([email], [location], [password], [phone], [username]) VALUES ('heidenreich.jairo@yahoo.com', '700 Penelope AlleynNew Lomafort, IA 50737', '2882ff6b1e2342d738ba4f1ba424e8d65d419341', 959721079, 'howe.jeanie');
INSERT INTO Client ([email], [location], [password], [phone], [username]) VALUES ('herzog.aylin@gmail.com', '535 Heller CurvenIsaihaven, HI 15790', '4708f4c724c69226561a36615d96d1906f5e1514', 966009227, 'kub.tiffany');
INSERT INTO Client ([email], [location], [password], [phone], [username]) VALUES ('hills.beulah@hotmail.com', '35948 Sheridan ViaductnEthanville, WY 84166', '2e8a925ff1543c8304b47d988c090d3166f4e5f4', 934143478, 'mitchell.garland');
INSERT INTO Client ([email], [location], [password], [phone], [username]) VALUES ('htorphy@gmail.com', '58261 Crist Mills Apt. 262nLake Cameronshire, DE 75389-0691', 'f21985e95cccc8607f0f33a05ce988ea433868ae', 945814068, 'dvonrueden');
INSERT INTO Client ([email], [location], [password], [phone], [username]) VALUES ('imonahan@yahoo.com', '312 VonRueden SummitnDeannaton, NY 65602-5716', 'bb69096bf1ca66f8303958a0ae2658c204fbfa16', 910956431, 'roger64');
INSERT INTO Client ([email], [location], [password], [phone], [username]) VALUES ('janis.harber@gmail.com', '17848 Bernier Mills Apt. 019nFritzmouth, NH 09666', '02fb6185374b566314426287f1a12bad4490c6e6', 921429320, 'cesar.reilly');
INSERT INTO Client ([email], [location], [password], [phone], [username]) VALUES ('jayden.haley@hotmail.com', '76914 Tony Square Apt. 900nNorth Adonisside, SC 99269', 'ca8adf4921509b0490ce3b42679586e06f680c17', 930269931, 'johnston.ariane');
INSERT INTO Client ([email], [location], [password], [phone], [username]) VALUES ('jermaine28@gmail.com', '814 Gutmann Underpass Suite 626nEast Anikafurt, AL 15636-0634', '87c47cec5ea92952c52540564f3374c12d08d0be', 965847319, 'tillman.elijah');
INSERT INTO Client ([email], [location], [password], [phone], [username]) VALUES ('jhodkiewicz@hotmail.com', '260 Sauer SquaresnWest Caleighbury, ND 32655', 'e8b55382e5873611beefd108f36065cf0c79ce75', 963556193, 'torp.genevieve');
INSERT INTO Client ([email], [location], [password], [phone], [username]) VALUES ('jorge.stokes@gmail.com', '566 Emery Lock Suite 420nBeahanfort, WY 59360-8546', 'bc8b7b236782ac4b7defabd6098daf0b8102cb60', 938529323, 'violet.schmitt');
INSERT INTO Client ([email], [location], [password], [phone], [username]) VALUES ('julianne13@hotmail.com', '752 Bednar Causeway Suite 531nLake Edna, MT 09996-7718', 'dcaccfa5ddc87161ac1df9560212907410a919b9', 953707643, 'gislason.zachariah');
INSERT INTO Client ([email], [location], [password], [phone], [username]) VALUES ('kankunding@yahoo.com', '64178 Abernathy LandingnNorth Violette, TX 12380-8634', '6db61dce8443053108e5d221d3e61d95e1134eb2', 925786474, 'strosin.therese');
INSERT INTO Client ([email], [location], [password], [phone], [username]) VALUES ('karolann32@yahoo.com', '0200 Johnson Forges Suite 082nPort Ruthe, CT 35591-9857', '73c6dd821d61006a31a393025ff2169a43bccafe', 948467793, 'alyce68');
INSERT INTO Client ([email], [location], [password], [phone], [username]) VALUES ('kerluke.princess@gmail.com', '74158 Wilmer Crest Apt. 045nBarrowshaven, NY 04261', '13345c68ae2782898d0c12c7157cb8094cc7066b', 949361032, 'ucruickshank');
INSERT INTO Client ([email], [location], [password], [phone], [username]) VALUES ('kerluke.zackary@yahoo.com', '08371 Jovanny Vista Suite 707nDaughertyburgh, NE 25840', '58f8ee196343d05ab44208646bf640690e056c6a', 925522679, 'wisozk.jerel');
INSERT INTO Client ([email], [location], [password], [phone], [username]) VALUES ('ktrantow@yahoo.com', '62421 Tremaine Manor Apt. 843nSouth Ralphfort, UT 15691', '44f5dabd157c89e0dcea2f7e56d3b955c6f88051', 966993746, 'brayan65');
INSERT INTO Client ([email], [location], [password], [phone], [username]) VALUES ('kyundt@gmail.com', '2733 Schuppe HarborsnEast Pinkchester, LA 63594-2522', '548830e1f432d643e8470feba970cb09bbff5dd5', 936742597, 'kulas.easter');
INSERT INTO Client ([email], [location], [password], [phone], [username]) VALUES ('larmstrong@gmail.com', '0692 OKeefe GreensnBrekkeview, AK 03376', '205e327437d13abadf4c39e1363fdc1bb965f703', 953953873, 'elijah92');
INSERT INTO Client ([email], [location], [password], [phone], [username]) VALUES ('leffler.celestino@gmail.com', '2787 Myles PlazanHeathland, WA 50510', 'a32ac38ede23b0226acd160deb59aa88fca2243c', 966991154, 'julia.prohaska');
INSERT INTO Client ([email], [location], [password], [phone], [username]) VALUES ('lourdes.kunze@gmail.com', '735 Leif PathnCreminfurt, ND 99392', '42339acea8d3ce3089a1db9a9b4e0c18a7825b37', 918375867, 'ohegmann');
INSERT INTO Client ([email], [location], [password], [phone], [username]) VALUES ('mallory.kihn@yahoo.com', '58446 Armand Greens Suite 585nHesseltown, CA 60753', 'f50fe0f3f8959c952fef57ba8fc9f9925f6f32fe', 969179868, 'cindy.kuhn');
INSERT INTO Client ([email], [location], [password], [phone], [username]) VALUES ('mariam30@gmail.com', '19305 Dusty PortnSchmelerport, AR 52755-6575', 'c5bc29e77f6d4cf5d13513dcb27b9dbe6f8967e9', 918125298, 'loxkeefe');
INSERT INTO Client ([email], [location], [password], [phone], [username]) VALUES ('meta.mcdermott@gmail.com', '26922 Ratke Springs Suite 940nLeschside, WY 49821-8011', 'd8b236e978d19746f2bccb8f9f41eed05bfa1295', 930871800, 'ilubowitz');
INSERT INTO Client ([email], [location], [password], [phone], [username]) VALUES ('molly.wehner@gmail.com', '393 Howell Mission Apt. 959nPadbergchester, KS 20792-9453', 'e847c1976adf90c0835722a7a96df8caec11aa21', 937791777, 'gleichner.laurianne');
INSERT INTO Client ([email], [location], [password], [phone], [username]) VALUES ('mona24@hotmail.com', '459 Emilie Courts Suite 883nWest Savanah, IA 12271-0872', '03a742cd3d4f957113d6cc9a7028a8c39d99dbbc', 914817372, 'sipes.frederique');
INSERT INTO Client ([email], [location], [password], [phone], [username]) VALUES ('monique90@yahoo.com', '56825 Rath Ford Suite 673nConstanceport, NC 32621-2901', '818191587bdbc90e61e39079410dcba0073befeb', 928704352, 'viola.casper');
INSERT INTO Client ([email], [location], [password], [phone], [username]) VALUES ('murray.elliott@yahoo.com', '07805 Jamison LocksnAngelmouth, MO 16975-9734', 'd5a0fdded849bdaf2f1216e15434a2c4f66da183', 961855314, 'collins.francisco');
INSERT INTO Client ([email], [location], [password], [phone], [username]) VALUES ('nasir.leuschke@hotmail.com', '3002 Friesen HillnEmmerichview, WI 13076-1246', 'f209d1e93eb6e072b77fa0ee19a42823efb8196f', 936182846, 'rogelio.farrell');
INSERT INTO Client ([email], [location], [password], [phone], [username]) VALUES ('noe.balistreri@gmail.com', '44202 Dietrich RoadnTravisfort, MA 06806', '25f6cf92dae44cd175a793ce6f429a7e0e30c389', 943495780, 'kuvalis.monroe');
INSERT INTO Client ([email], [location], [password], [phone], [username]) VALUES ('nturcotte@hotmail.com', '18636 Lehner CrestnEast Micahside, WA 25134-7913', '309a38c07fbd13279f000e54bdfb481c6f679f4d', 911382128, 'enrico.braun');
INSERT INTO Client ([email], [location], [password], [phone], [username]) VALUES ('octavia.cartwright@yahoo.com', '8847 Ruby PlazanVolkmanfort, IA 54910-9828', '6cc817677761b5401359301564d1d81d55c4c30a', 913354469, 'brandy.walker');
INSERT INTO Client ([email], [location], [password], [phone], [username]) VALUES ('olson.aiyana@gmail.com', '9423 Corwin PathnHahnland, GA 34868-5220', '452c7bf96c46e6200d752600b61ce333d22c15ce', 923347586, 'keely54');
INSERT INTO Client ([email], [location], [password], [phone], [username]) VALUES ('otilia.bruen@gmail.com', '40880 Koepp MotorwaynEast Eden, HI 36344', '78f882eac9b097f3e2df9df991f5133b6eb5dae1', 945798632, 'yost.rocky');
INSERT INTO Client ([email], [location], [password], [phone], [username]) VALUES ('ottilie81@hotmail.com', '1922 Bethel StreamnRodriguezside, LA 61040-8633', '5af4756c39101bb6bfe4f4500b9cc5ba4513e7e5', 967507895, 'cdare');
INSERT INTO Client ([email], [location], [password], [phone], [username]) VALUES ('paula.nienow@gmail.com', '714 Alicia Drive Apt. 876nLake Violetteburgh, WV 28810-7278', 'd72687cb7697d5321a66a9c637dc6155c59c2b55', 923939589, 'meta.zemlak');
INSERT INTO Client ([email], [location], [password], [phone], [username]) VALUES ('qwatsica@yahoo.com', '2173 Conroy RoutenLake Nicolasfort, OR 51716', 'c8c23e48b1eb8dafa1c63f8ce4f097e7a75f8b31', 950858096, 'fanny.blanda');
INSERT INTO Client ([email], [location], [password], [phone], [username]) VALUES ('rae35@hotmail.com', '12675 Gutkowski RunnEast Dexter, MD 98071-1716', 'c8bdf3e0aff0447fc0996e08456ca5786d60af08', 932157804, 'gussie51');
INSERT INTO Client ([email], [location], [password], [phone], [username]) VALUES ('rcrona@gmail.com', '78330 Botsford Street Apt. 250nStehrchester, WY 82930-4085', 'b0ec34523b8db3dd8be21bb89b908fb0505fe565', 934097488, 'favian89');
INSERT INTO Client ([email], [location], [password], [phone], [username]) VALUES ('rolfson.stacy@yahoo.com', '840 Moore Plain Apt. 978nMillstown, VT 22514', '6cbd1fbb999777630fd7b7eab41cf89ea1287549', 923003560, 'willie61');
INSERT INTO Client ([email], [location], [password], [phone], [username]) VALUES ('ruecker.haley@yahoo.com', '7252 Roob Greens Apt. 653nEast Krystel, ID 28743', 'b26810d8590cc5c313f5a050218d7ce5be717d23', 929061372, 'kilback.mathew');
INSERT INTO Client ([email], [location], [password], [phone], [username]) VALUES ('schamberger.foster@hotmail.com', '04639 Gaylord ViewsnNew Eldoramouth, WA 50310-9341', 'd91a5454f3c8f1b13a51d130c12ac716d9a01e88', 938638781, 'obrakus');
INSERT INTO Client ([email], [location], [password], [phone], [username]) VALUES ('schultz.cristian@gmail.com', '600 Bahringer Circles Apt. 177nLake Mervinborough, TN 22368', 'dd714f052698914f700f7bfd6deecaa1d96f7759', 936444645, 'volkman.dayton');
INSERT INTO Client ([email], [location], [password], [phone], [username]) VALUES ('shanahan.elmo@gmail.com', '7133 Jennings Mill Apt. 310nWest Jayce, MO 20734', 'f56543839e8f99cc2002ca9535d0f4c3007a70e3', 956879999, 'vivien.denesik');
INSERT INTO Client ([email], [location], [password], [phone], [username]) VALUES ('sigurd.parisian@gmail.com', '0055 Rhiannon Mills Suite 348nWunschfurt, CO 37791', 'cedfe0d7f9252c0cc7c755d4dfa75270d119d42a', 930884202, 'chauncey41');
INSERT INTO Client ([email], [location], [password], [phone], [username]) VALUES ('sporer.bernhard@gmail.com', '889 Kuhlman LandingnSamberg, NY 63992', '38b3aab0c54d98c275b12b3a4fc35162b9a9d48c', 934363802, 'maudie29');
INSERT INTO Client ([email], [location], [password], [phone], [username]) VALUES ('sporer.bessie@yahoo.com', '66341 Gulgowski FreewaynNorth Kristian, DC 64785', 'c886854b970160ee0039f0c6331629b504583c86', 917344813, 'dlabadie');
INSERT INTO Client ([email], [location], [password], [phone], [username]) VALUES ('stephon81@hotmail.com', '9128 Paula DalenKertzmannstad, VT 73564-2615', '6a0a2ed9919708cb82c8f4a56cd06e6452ea17f7', 946178899, 'fahey.arvilla');
INSERT INTO Client ([email], [location], [password], [phone], [username]) VALUES ('tcummings@hotmail.com', '01997 Gorczany Pass Suite 965nJordantown, NJ 39061', '32da0e0b89632f07784ecc14f8eb72d7b2218123', 933252995, 'ricky35');
INSERT INTO Client ([email], [location], [password], [phone], [username]) VALUES ('ulises.rolfson@gmail.com', '168 Moriah PinenJarrellfurt, MI 87664', '1cb76814a3d00144b5e342200c3e10deae5a1f78', 929738319, 'rolfson.herbert');
INSERT INTO Client ([email], [location], [password], [phone], [username]) VALUES ('urutherford@gmail.com', '43273 Gussie EstatesnRonnyshire, SD 81739-7488', 'fc1df12b765bf39d21c459d1e8c899410c6d6f17', 931020719, 'manuel.balistreri');
INSERT INTO Client ([email], [location], [password], [phone], [username]) VALUES ('uvonrueden@hotmail.com', '93687 Rossie Mountain Suite 491nEast Keirafurt, NE 44635', '66d4fe372b3c687266c38b8fe0cb46e424e076f5', 949236126, 'schuppe.camden');
INSERT INTO Client ([email], [location], [password], [phone], [username]) VALUES ('vandervort.seth@gmail.com', '767 Greenholt FlatnEmelietown, TX 68456-8658', '7b20c4acec081a2b8ebb861c1b694b5b42d40d28', 964184219, 'arne.marquardt');
INSERT INTO Client ([email], [location], [password], [phone], [username]) VALUES ('vern.marquardt@yahoo.com', '315 Dangelo CampnMaeveborough, CT 83848-4013', 'd2eae8a3ca8a263146003f3d9714aca4fe4e2f4b', 932456699, 'reba19');
INSERT INTO Client ([email], [location], [password], [phone], [username]) VALUES ('vgoodwin@hotmail.com', '09467 Hamill PikenEichmannbury, DC 15214-5346', '494533862c77c47a870cb5aadaa53f02b89ec15e', 910947232, 'zwalsh');
INSERT INTO Client ([email], [location], [password], [phone], [username]) VALUES ('vgulgowski@yahoo.com', '2067 Marina Station Suite 996nRitaland, NH 85397-8549', '77b300923e2a6274788bad41adcfd45ed92f6502', 939223272, 'spencer.marianna');
INSERT INTO Client ([email], [location], [password], [phone], [username]) VALUES ('vickie60@yahoo.com', '64400 Collins Stravenue Suite 767nPort Yeseniaton, WV 01539-4035', 'ab373f914b627ebcb58a5c75a38485f71b4e66a2', 956983294, 'adele40');
INSERT INTO Client ([email], [location], [password], [phone], [username]) VALUES ('xbreitenberg@gmail.com', '070 Grady Highway Suite 827nWest Alainaburgh, MI 36416-9144', 'ddd440bd6e80d09d26a6bb750da057f1011eb86d', 963012429, 'helga69');
INSERT INTO Client ([email], [location], [password], [phone], [username]) VALUES ('zschuster@gmail.com', '5521 Gerlach VillagenAdamschester, HI 85219', 'c0093a4f4b5bd7019c4bcb67e3e1191b893bd78c', 930683419, 'hlegros');

--
-- TABLE STRUCTURE FOR: Animal
--
INSERT INTO Animal ([id], [age], [breed], [diseases], [extra], [name], [sex], [species], [weight], [client_id]) VALUES (1, 0, 'vero', 'Distinctio sunt perspiciatis eum rerum voluptatem aut numquam qui. Dolor esse animi qui voluptatem quos itaque.', '', 'Gabrielle Moen', 0, 'Dog', '173.637', 'jorge.stokes@gmail.com');
INSERT INTO Animal ([id], [age], [breed], [diseases], [extra], [name], [sex], [species], [weight], [client_id]) VALUES (2, 7, 'natus', '', 'Quis illum explicabo velit deleniti. Natus beatae corrupti quibusdam saepe necessitatibus incidunt debitis repellendus. Itaque molestias necessitatibus voluptatem et.', 'Kiarra Reynolds MD', 0, 'Reptile', '248.308', 'hbeahan@yahoo.com');
INSERT INTO Animal ([id], [age], [breed], [diseases], [extra], [name], [sex], [species], [weight], [client_id]) VALUES (3, 1, 'in', '', 'Voluptas beatae aut dignissimos molestiae est modi ex. Sequi sint rerum ut molestias voluptatem repudiandae omnis. Illo vel vero aspernatur ea eos laborum saepe.', 'Soledad Kiehn', 0, 'Dog', '173.822', 'ottilie81@hotmail.com');
INSERT INTO Animal ([id], [age], [breed], [diseases], [extra], [name], [sex], [species], [weight], [client_id]) VALUES (4, 6, '', 'Hic unde ratione et. Voluptas impedit facilis asperiores hic ad repellat.', '', 'Zula Bernhard', 1, 'Cat', '232.17', 'vandervort.seth@gmail.com');
INSERT INTO Animal ([id], [age], [breed], [diseases], [extra], [name], [sex], [species], [weight], [client_id]) VALUES (5, 2, 'rerum', 'Quibusdam delectus error harum. Ducimus sed ullam repudiandae quam. Quos dolore eveniet velit et qui cupiditate.', '', 'Georgianna Lakin', 0, 'Reptile', '115.618', 'estrella.graham@yahoo.com');
INSERT INTO Animal ([id], [age], [breed], [diseases], [extra], [name], [sex], [species], [weight], [client_id]) VALUES (6, 1, '', 'Corrupti quod aut sapiente. Commodi consequatur sunt et quasi qui et.', 'Velit porro atque aut sit ut nihil ipsa natus. Quasi consequatur neque voluptate dolorem aut occaecati placeat. Similique minima id sunt architecto. Id facere vitae tenetur alias voluptas. Velit ut nobis excepturi molestias.', 'Josephine Collier', 0, 'Horse', '130.927', 'stephon81@hotmail.com');
INSERT INTO Animal ([id], [age], [breed], [diseases], [extra], [name], [sex], [species], [weight], [client_id]) VALUES (7, 2, '', '', 'Nemo animi qui aut velit. Et amet nesciunt et. Ut dolores nihil minima et error nihil. Sint exercitationem magnam ducimus error id. Esse eum porro dolores molestiae debitis qui aut. Voluptatem aperiam dolor molestiae non aliquam.', 'Ellis Schulist', 1, 'Cat', '117.441', 'rcrona@gmail.com');
INSERT INTO Animal ([id], [age], [breed], [diseases], [extra], [name], [sex], [species], [weight], [client_id]) VALUES (8, 5, 'tenetur', 'Et qui enim odio impedit sint cum magni id. Laboriosam omnis dolores deleniti blanditiis. Dolorem in id aut non suscipit est incidunt animi.', '', 'Cecil Altenwerth', 1, 'Reptile', '25.477', 'barton.jada@gmail.com');
INSERT INTO Animal ([id], [age], [breed], [diseases], [extra], [name], [sex], [species], [weight], [client_id]) VALUES (9, 0, '', 'Praesentium nam et laborum sunt illo voluptas. Qui provident eum et qui. Debitis voluptas non aspernatur quaerat.', '', 'Brad Bradtke Jr.', 1, 'Horse', '258.272', 'rae35@hotmail.com');
INSERT INTO Animal ([id], [age], [breed], [diseases], [extra], [name], [sex], [species], [weight], [client_id]) VALUES (10, 7, 'et', '', 'Vel ipsam a eveniet voluptas consectetur voluptatem maxime fugiat. Inventore quidem natus qui nihil. Excepturi tempora reiciendis eum voluptatem est qui et. Possimus excepturi totam dolore. Est dolores corporis esse est voluptatum quia.', 'Prof. Bryon Kling PhD', 0, 'Dog', '169.329', 'fernando77@hotmail.com');
INSERT INTO Animal ([id], [age], [breed], [diseases], [extra], [name], [sex], [species], [weight], [client_id]) VALUES (11, 3, 'dolores', 'Atque soluta possimus culpa et repellendus suscipit unde consectetur. Doloribus placeat aut dignissimos. Nostrum cum sed debitis dignissimos eaque.', 'Enim expedita ducimus pariatur error dolor sit. Est beatae et veritatis nesciunt debitis sit cupiditate. Sint et consequatur pariatur laborum ratione in. Alias sunt et vitae aut.', 'Lavinia Moen', 1, 'Dog', '242.831', 'arnaldo62@gmail.com');
INSERT INTO Animal ([id], [age], [breed], [diseases], [extra], [name], [sex], [species], [weight], [client_id]) VALUES (12, 7, '', 'At nobis et praesentium saepe ullam esse. Reiciendis voluptates vitae cupiditate possimus modi. Molestiae officiis excepturi voluptatem veritatis in.', 'Ut quam dolore consequatur ipsam est iure pariatur. Porro vitae qui veritatis nam tenetur qui illum. Sunt autem a debitis est.', 'Dr. Kayden Braun PhD', 1, 'Dog', '42.139', 'fritsch.molly@yahoo.com');
INSERT INTO Animal ([id], [age], [breed], [diseases], [extra], [name], [sex], [species], [weight], [client_id]) VALUES (13, 7, '', 'Voluptates voluptatem facere alias quis consequuntur numquam velit. Eius aliquid consequuntur odit dolores exercitationem. Temporibus dolorum et consequuntur.', '', 'Retta Feest', 1, 'Dog', '265.309', 'otilia.bruen@gmail.com');
INSERT INTO Animal ([id], [age], [breed], [diseases], [extra], [name], [sex], [species], [weight], [client_id]) VALUES (14, 10, '', '', 'Quia aut qui at sint et. Aut dignissimos nostrum commodi libero beatae. Voluptatem aut sit recusandae ipsa nobis sed occaecati.', 'Kaley Kreiger', 1, 'Dog', '41.515', 'bmayert@hotmail.com');
INSERT INTO Animal ([id], [age], [breed], [diseases], [extra], [name], [sex], [species], [weight], [client_id]) VALUES (15, 7, 'totam', '', '', 'Dangelo Shields', 0, 'Dog', '173.145', 'jhodkiewicz@hotmail.com');
INSERT INTO Animal ([id], [age], [breed], [diseases], [extra], [name], [sex], [species], [weight], [client_id]) VALUES (16, 8, 'ut', 'Quis dolores quis ut nisi molestiae quam ipsam. Similique est aut dolorem porro.', 'Aliquid possimus quia sint debitis dolorem. Non quia quos eligendi qui fugit. Quo minus aut odio dolores quidem repellat. Recusandae earum quisquam distinctio assumenda corporis ducimus qui.', 'Cyrus Leffler', 0, 'Horse', '233.672', 'nasir.leuschke@hotmail.com');
INSERT INTO Animal ([id], [age], [breed], [diseases], [extra], [name], [sex], [species], [weight], [client_id]) VALUES (17, 5, '', 'Vel porro eum unde explicabo a aut expedita. Autem non libero fuga in dolorem repudiandae est.', '', 'Reymundo Torphy DVM', 1, 'Horse', '114.909', 'goodwin.raul@hotmail.com');
INSERT INTO Animal ([id], [age], [breed], [diseases], [extra], [name], [sex], [species], [weight], [client_id]) VALUES (18, 8, '', '', 'Voluptatem neque voluptates pariatur animi omnis. Temporibus doloremque est deleniti a tempore alias. Sit iure aut vel. Non dolorum dolores ut voluptatem quos maiores.', 'Mateo Marks', 1, 'Reptile', '75.574', 'molly.wehner@gmail.com');
INSERT INTO Animal ([id], [age], [breed], [diseases], [extra], [name], [sex], [species], [weight], [client_id]) VALUES (19, 0, 'tempora', 'Est molestiae corporis qui. Consequatur iusto debitis dolor in magni.', '', 'Johathan Huel', 1, 'Reptile', '211.085', 'earnestine.monahan@yahoo.com');
INSERT INTO Animal ([id], [age], [breed], [diseases], [extra], [name], [sex], [species], [weight], [client_id]) VALUES (20, 3, 'iure', 'Necessitatibus et libero eum totam voluptatem reprehenderit quam. Ut aliquid quae velit consectetur et est. Enim ipsam voluptas non repudiandae et.', '', 'Aliya Wuckert', 1, 'Dog', '265.824', 'emmerich.cecil@hotmail.com');
INSERT INTO Animal ([id], [age], [breed], [diseases], [extra], [name], [sex], [species], [weight], [client_id]) VALUES (21, 9, '', 'Incidunt sint qui debitis incidunt. Ut omnis rerum sed commodi et aperiam sequi aliquid.', 'Tenetur autem dolorum iusto eos omnis porro. Similique omnis est eligendi corporis quo. Facilis hic hic velit fugiat. Mollitia excepturi praesentium voluptatem aut sunt quo qui possimus. Quasi cum eveniet veniam ut culpa ab quis laboriosam. Et iure cumque', 'Prof. Zechariah OxKon Sr.', 1, 'Reptile', '33.092', 'kerluke.zackary@yahoo.com');
INSERT INTO Animal ([id], [age], [breed], [diseases], [extra], [name], [sex], [species], [weight], [client_id]) VALUES (22, 8, '', 'Reprehenderit quia aliquid in ut. Autem cumque corrupti impedit aliquid illum voluptas repellat. Ut et quia iusto consequatur in eaque.', 'Possimus illum sed maxime vel. Perferendis eum vel suscipit. Cumque sed blanditiis et provident. Voluptatem cum ut fugit.', 'Nicklaus Stehr Sr.', 1, 'Reptile', '133.002', 'heidenreich.jairo@yahoo.com');
INSERT INTO Animal ([id], [age], [breed], [diseases], [extra], [name], [sex], [species], [weight], [client_id]) VALUES (23, 10, '', 'Dolor dolore voluptatem occaecati minima enim. Ullam enim quia aliquam sed esse nihil minima animi. Est amet provident quis voluptas sint qui cumque fuga.', '', 'Oswaldo Goldner PhD', 0, 'Reptile', '30.359', 'barry.schowalter@gmail.com');
INSERT INTO Animal ([id], [age], [breed], [diseases], [extra], [name], [sex], [species], [weight], [client_id]) VALUES (24, 3, 'ut', '', '', 'Myra Dietrich DDS', 0, 'Dog', '54.251', 'ulises.rolfson@gmail.com');
INSERT INTO Animal ([id], [age], [breed], [diseases], [extra], [name], [sex], [species], [weight], [client_id]) VALUES (25, 4, '', '', '', 'Delmer Koss', 0, 'Dog', '50.226', 'larmstrong@gmail.com');
INSERT INTO Animal ([id], [age], [breed], [diseases], [extra], [name], [sex], [species], [weight], [client_id]) VALUES (26, 1, 'aut', 'Aut assumenda est optio ut. Necessitatibus vel sit id assumenda. Consequatur accusantium illum quidem aut.', 'Incidunt explicabo qui magnam dignissimos molestias impedit. Voluptas vero corrupti numquam iusto qui autem. Est cum nemo eligendi rerum. Qui atque atque molestiae. Dolorem provident temporibus est veniam necessitatibus optio.', 'Makenzie Streich', 1, 'Cat', '221.961', 'vickie60@yahoo.com');
INSERT INTO Animal ([id], [age], [breed], [diseases], [extra], [name], [sex], [species], [weight], [client_id]) VALUES (27, 0, 'et', 'A expedita rerum rerum culpa non perspiciatis. Pariatur omnis aliquid fuga consectetur perferendis minus.', 'Consequatur quidem voluptatem aperiam provident. Quis ut eos tenetur harum nihil similique et. Et porro molestias est modi ea. Labore distinctio impedit aut velit eveniet sunt tenetur.', 'Keara OxKon', 0, 'Horse', '284.511', 'gavin12@gmail.com');
INSERT INTO Animal ([id], [age], [breed], [diseases], [extra], [name], [sex], [species], [weight], [client_id]) VALUES (28, 3, 'quis', 'Nihil iure nesciunt quasi autem non. Non dolor perferendis autem sint.', 'Consequatur repudiandae quos excepturi. Et et occaecati maiores sequi sed non blanditiis omnis. Voluptatum quisquam ex laudantium provident qui dolore. Eaque aut voluptas aspernatur expedita deleniti illum voluptatibus eligendi.', 'Dr. Garnet Langworth', 0, 'Dog', '234.147', 'schamberger.foster@hotmail.com');
INSERT INTO Animal ([id], [age], [breed], [diseases], [extra], [name], [sex], [species], [weight], [client_id]) VALUES (29, 9, '', 'Aspernatur quia ducimus blanditiis id eos aperiam. Dolorem ullam officiis exercitationem aut ipsam sit.', '', 'Mauricio Hintz', 0, 'Dog', '82.249', 'nturcotte@hotmail.com');
INSERT INTO Animal ([id], [age], [breed], [diseases], [extra], [name], [sex], [species], [weight], [client_id]) VALUES (30, 9, '', 'Eligendi doloribus perferendis blanditiis aut aliquam dolorem voluptate. Vitae nobis ratione dicta nulla neque eum perferendis.', 'Eum ea quae aut sint temporibus ullam id. Nesciunt voluptatem quas officiis velit recusandae. Accusamus sint autem maxime aspernatur. Laudantium dolores voluptatem non.', 'Colten Halvorson PhD', 0, 'Dog', '13.403', 'vgoodwin@hotmail.com');
INSERT INTO Animal ([id], [age], [breed], [diseases], [extra], [name], [sex], [species], [weight], [client_id]) VALUES (31, 6, 'unde', '', '', 'Mr. Rolando Kemmer DVM', 1, 'Horse', '75.553', 'mallory.kihn@yahoo.com');
INSERT INTO Animal ([id], [age], [breed], [diseases], [extra], [name], [sex], [species], [weight], [client_id]) VALUES (32, 6, 'qui', '', 'Quia aspernatur perferendis ut nulla repudiandae sunt voluptas. Totam officiis facilis quae voluptas distinctio ea modi. Consequatur sunt quis et porro non cumque. Illum eos est veniam unde. Totam accusantium est nemo cupiditate assumenda dolores eos. Und', 'Araceli Kohler Sr.', 1, 'Dog', '215.986', 'karolann32@yahoo.com');
INSERT INTO Animal ([id], [age], [breed], [diseases], [extra], [name], [sex], [species], [weight], [client_id]) VALUES (33, 8, 'dolorum', '', 'Pariatur autem delectus ut in. Autem molestiae beatae omnis in qui molestias odit. Optio excepturi excepturi necessitatibus optio deserunt quia. Consequatur quae et eum in vitae consectetur. Dolorem iure esse amet qui est quia. Quas nihil qui accusamus co', 'Coleman Pfeffer I', 1, 'Horse', '34.514', 'vern.marquardt@yahoo.com');
INSERT INTO Animal ([id], [age], [breed], [diseases], [extra], [name], [sex], [species], [weight], [client_id]) VALUES (34, 5, 'quidem', 'Eos sapiente ab suscipit veniam nihil est dignissimos. Aut id suscipit enim laudantium expedita. Occaecati distinctio veritatis error a quasi nihil.', '', 'Jacky Christiansen II', 0, 'Horse', '290.97', 'gilberto.haley@yahoo.com');
INSERT INTO Animal ([id], [age], [breed], [diseases], [extra], [name], [sex], [species], [weight], [client_id]) VALUES (35, 10, '', '', '', 'Agnes Davis', 1, 'Cat', '97.27', 'rolfson.stacy@yahoo.com');
INSERT INTO Animal ([id], [age], [breed], [diseases], [extra], [name], [sex], [species], [weight], [client_id]) VALUES (36, 1, 'similique', 'Quia debitis assumenda dignissimos repellendus sit illo et. Aperiam nemo qui odit ullam similique sunt.', 'Perspiciatis reiciendis magnam accusamus saepe. Repellat ipsam sunt cupiditate quisquam enim recusandae. Accusamus error incidunt expedita est. Quia dolor quia magni rerum qui et asperiores natus.', 'Sarai Lakin', 1, 'Reptile', '275.367', 'sigurd.parisian@gmail.com');
INSERT INTO Animal ([id], [age], [breed], [diseases], [extra], [name], [sex], [species], [weight], [client_id]) VALUES (37, 9, 'omnis', '', '', 'Amara King PhD', 1, 'Horse', '111.651', 'ktrantow@yahoo.com');
INSERT INTO Animal ([id], [age], [breed], [diseases], [extra], [name], [sex], [species], [weight], [client_id]) VALUES (38, 10, '', '', 'Tempora magnam sapiente reiciendis sed blanditiis repudiandae odit. Occaecati ducimus consequatur consequuntur consequatur corrupti veniam. Et sequi possimus eos veniam unde similique. Sint temporibus provident eveniet perspiciatis aliquid quisquam. Qui d', 'Prof. Jakob Wilderman DVM', 1, 'Horse', '196.906', 'mona24@hotmail.com');
INSERT INTO Animal ([id], [age], [breed], [diseases], [extra], [name], [sex], [species], [weight], [client_id]) VALUES (39, 0, 'et', '', 'Dolorem cumque deserunt excepturi eum rerum maxime illo. Hic beatae rerum distinctio et laudantium dolorum. Consequatur porro et maxime. Aut hic officiis vel aut sunt.', 'Mr. Abdiel Kuhn', 1, 'Dog', '92.169', 'bernhard59@hotmail.com');
INSERT INTO Animal ([id], [age], [breed], [diseases], [extra], [name], [sex], [species], [weight], [client_id]) VALUES (40, 0, 'libero', '', '', 'Prof. Joseph Dicki', 0, 'Horse', '62.045', 'lourdes.kunze@gmail.com');
INSERT INTO Animal ([id], [age], [breed], [diseases], [extra], [name], [sex], [species], [weight], [client_id]) VALUES (41, 6, 'exercitationem', '', '', 'Dr. Ricky Ruecker III', 0, 'Cat', '7.862', 'xbreitenberg@gmail.com');
INSERT INTO Animal ([id], [age], [breed], [diseases], [extra], [name], [sex], [species], [weight], [client_id]) VALUES (42, 2, 'eos', '', 'Accusantium et eos accusamus aperiam officia sint. Magnam vel aliquam voluptatem quo rerum minus accusamus. Facere nobis provident maiores rerum.', 'Deshaun Hagenes Sr.', 1, 'Cat', '271.638', 'kyundt@gmail.com');
INSERT INTO Animal ([id], [age], [breed], [diseases], [extra], [name], [sex], [species], [weight], [client_id]) VALUES (43, 5, 'repudiandae', 'At quas rerum ratione quam. Molestiae ipsam et deleniti eum.', 'Ab aliquam reprehenderit consequatur earum dolor. Dolorum aliquam et omnis autem. Nihil quisquam dolor sunt tempora. Aut aliquid hic est facere ut omnis. Est itaque illum fuga id est facilis.', 'Miss Sierra Schneider IV', 0, 'Cat', '60.207', 'dibbert.eryn@hotmail.com');
INSERT INTO Animal ([id], [age], [breed], [diseases], [extra], [name], [sex], [species], [weight], [client_id]) VALUES (44, 5, '', 'Iure quia ex quia quod modi. Quis et velit possimus voluptatem.', '', 'Cristobal Schulist', 1, 'Dog', '206.458', 'adrienne.schumm@gmail.com');
INSERT INTO Animal ([id], [age], [breed], [diseases], [extra], [name], [sex], [species], [weight], [client_id]) VALUES (45, 2, '', '', '', 'Abbey Champlin Jr.', 0, 'Reptile', '284.82', 'qwatsica@yahoo.com');
INSERT INTO Animal ([id], [age], [breed], [diseases], [extra], [name], [sex], [species], [weight], [client_id]) VALUES (46, 8, 'eligendi', 'Tempora rerum fuga fugit reprehenderit consequatur maiores laudantium. Corporis natus voluptatibus reprehenderit est qui et.', 'Id earum odio consequatur quis quisquam. A culpa dolores reprehenderit dicta dolor vitae. In dolores et in consequatur. Repudiandae omnis aut sapiente.', 'Wilfred Kemmer', 1, 'Reptile', '109.36', 'shanahan.elmo@gmail.com');
INSERT INTO Animal ([id], [age], [breed], [diseases], [extra], [name], [sex], [species], [weight], [client_id]) VALUES (47, 10, '', 'Ut tenetur est consequatur aut et quis dolor est. Est voluptatem occaecati aut eligendi quidem pariatur.', 'Hic quas iure quos est unde quod perferendis. Natus labore qui quo unde beatae est. Omnis quis quod ut excepturi. Maiores perspiciatis itaque laborum dolorum sed. Dolorem soluta optio fugiat et et. Consectetur aut cumque et quia aut.', 'Nathan Stroman', 0, 'Cat', '270.748', 'ggraham@gmail.com');
INSERT INTO Animal ([id], [age], [breed], [diseases], [extra], [name], [sex], [species], [weight], [client_id]) VALUES (48, 3, 'soluta', '', '', 'Jackson Trantow', 1, 'Reptile', '244.932', 'meta.mcdermott@gmail.com');
INSERT INTO Animal ([id], [age], [breed], [diseases], [extra], [name], [sex], [species], [weight], [client_id]) VALUES (49, 3, '', 'Exercitationem nesciunt soluta temporibus. Ut est quia repellat porro qui cumque ut.', '', 'Marjory Williamson', 0, 'Cat', '245.581', 'herzog.aylin@gmail.com');
INSERT INTO Animal ([id], [age], [breed], [diseases], [extra], [name], [sex], [species], [weight], [client_id]) VALUES (50, 3, 'molestias', '', 'Deleniti ut voluptatem vitae nulla qui facilis. Excepturi quia omnis ut dignissimos. Placeat consequuntur sint molestias repellat eligendi repellendus recusandae. Rem qui dicta ipsa at. Impedit est ut dolores eum.', 'Gus Lindgren', 1, 'Dog', '279.79', 'brakus.dean@hotmail.com');
INSERT INTO Animal ([id], [age], [breed], [diseases], [extra], [name], [sex], [species], [weight], [client_id]) VALUES (51, 4, '', '', 'Deserunt non ipsam qui quibusdam molestiae nam qui. Ut soluta temporibus natus veniam non. Similique ipsa eum consequatur alias placeat. Facilis dolores aliquam id unde saepe. Autem architecto sed harum aut natus.', 'Dr. Madeline Konopelski DVM', 1, 'Reptile', '174.148', 'octavia.cartwright@yahoo.com');
INSERT INTO Animal ([id], [age], [breed], [diseases], [extra], [name], [sex], [species], [weight], [client_id]) VALUES (52, 5, '', '', '', 'Ward Osinski MD', 1, 'Horse', '281.973', 'uvonrueden@hotmail.com');
INSERT INTO Animal ([id], [age], [breed], [diseases], [extra], [name], [sex], [species], [weight], [client_id]) VALUES (53, 4, '', 'Perferendis asperiores sequi est qui et officiis. Amet nihil expedita ullam.', '', 'Sheridan Senger PhD', 0, 'Cat', '143.745', 'gulgowski.rubye@gmail.com');
INSERT INTO Animal ([id], [age], [breed], [diseases], [extra], [name], [sex], [species], [weight], [client_id]) VALUES (54, 2, 'facere', '', 'Itaque aut a reiciendis pariatur est. Dolorem excepturi repellat consequuntur consequatur quisquam. Non repellendus amet itaque et ut. Accusamus perspiciatis deleniti aut qui.', 'Lexi Bruen', 0, 'Dog', '226.119', 'jermaine28@gmail.com');
INSERT INTO Animal ([id], [age], [breed], [diseases], [extra], [name], [sex], [species], [weight], [client_id]) VALUES (55, 7, 'delectus', 'Vel enim ut et et ut quod vero. Quis mollitia nam iusto mollitia sapiente sed voluptas. Eos labore maxime magnam eos inventore ea.', '', 'Dr. Birdie Tromp Sr.', 0, 'Reptile', '184.956', 'monique90@yahoo.com');
INSERT INTO Animal ([id], [age], [breed], [diseases], [extra], [name], [sex], [species], [weight], [client_id]) VALUES (56, 2, '', 'Rerum architecto expedita velit fugiat est ex. Rerum consectetur aut pariatur qui minima pariatur facilis.', '', 'Mrs. Dayana Emmerich V', 1, 'Cat', '127.79', 'bode.newell@hotmail.com');
INSERT INTO Animal ([id], [age], [breed], [diseases], [extra], [name], [sex], [species], [weight], [client_id]) VALUES (57, 2, '', '', 'Et ullam repudiandae id. Quia minus id inventore. Voluptas autem non consectetur sit. Adipisci iusto consequuntur alias quidem est consequatur.', 'Camila OxKon', 1, 'Horse', '186.021', 'jayden.haley@hotmail.com');
INSERT INTO Animal ([id], [age], [breed], [diseases], [extra], [name], [sex], [species], [weight], [client_id]) VALUES (58, 0, 'neque', '', '', 'Ms. Kendra Hilpert', 1, 'Cat', '182.922', 'donnelly.rubye@yahoo.com');
INSERT INTO Animal ([id], [age], [breed], [diseases], [extra], [name], [sex], [species], [weight], [client_id]) VALUES (59, 4, '', 'Repellat fuga a non. Molestias aut facere iusto et et ex.', 'Fugiat voluptatibus tempore quasi autem et qui officiis. Corporis omnis molestias veritatis delectus facilis. Aliquam ullam dolores temporibus labore aut.', 'Lenna Mosciski', 1, 'Cat', '187.499', 'kerluke.princess@gmail.com');
INSERT INTO Animal ([id], [age], [breed], [diseases], [extra], [name], [sex], [species], [weight], [client_id]) VALUES (60, 3, '', '', '', 'Kevon OxHara', 0, 'Cat', '77.983', 'leffler.celestino@gmail.com');
INSERT INTO Animal ([id], [age], [breed], [diseases], [extra], [name], [sex], [species], [weight], [client_id]) VALUES (61, 5, 'in', 'Doloribus qui dolore fugiat cum sed est quos. Minus sed officiis qui cupiditate cupiditate.', 'Pariatur atque ratione molestias sit vitae ut placeat. Architecto iusto est quod et veritatis cumque. Mollitia laboriosam quas quia inventore. Sed eius iste id et unde et tempore.', 'Dr. Arvel Gutkowski IV', 0, 'Reptile', '62.149', 'imonahan@yahoo.com');
INSERT INTO Animal ([id], [age], [breed], [diseases], [extra], [name], [sex], [species], [weight], [client_id]) VALUES (62, 3, '', 'Esse incidunt non nihil dolores atque eum deleniti. Voluptas vel culpa et id praesentium cumque. Possimus dolores commodi aut rerum alias vero.', '', 'Elfrieda Trantow', 1, 'Cat', '256.724', 'tcummings@hotmail.com');
INSERT INTO Animal ([id], [age], [breed], [diseases], [extra], [name], [sex], [species], [weight], [client_id]) VALUES (63, 8, '', 'Quia omnis vel aut eius sint. Nemo libero qui et minus.', '', 'Shane Towne MD', 0, 'Cat', '61.557', 'beahan.alejandra@hotmail.com');
INSERT INTO Animal ([id], [age], [breed], [diseases], [extra], [name], [sex], [species], [weight], [client_id]) VALUES (64, 4, 'delectus', 'Vel delectus earum minus quis facilis. Quos hic consequatur provident eligendi aperiam.', '', 'Anabelle Kunze I', 0, 'Horse', '121.478', 'sporer.bessie@yahoo.com');
INSERT INTO Animal ([id], [age], [breed], [diseases], [extra], [name], [sex], [species], [weight], [client_id]) VALUES (65, 8, 'impedit', 'Repellat enim possimus consectetur nisi velit odit ea. Tempora non mollitia iste commodi autem est dolorem natus.', 'Et blanditiis quod atque rerum cupiditate velit. Error quo quis sequi cumque consequatur deserunt quo dicta. Quae labore veniam quis error non occaecati. Temporibus eligendi quisquam sit porro saepe corrupti. Ducimus mollitia in et quia ut fuga eaque.', 'Arlie Jacobs', 0, 'Reptile', '111.466', 'bdurgan@yahoo.com');
INSERT INTO Animal ([id], [age], [breed], [diseases], [extra], [name], [sex], [species], [weight], [client_id]) VALUES (66, 2, 'et', '', 'Animi perferendis sunt laudantium quo corrupti. Illo iste dolorem aut minima similique. Aut odit atque dolores sint aut quia ad. Dolor dolores sit officia quia qui ipsum. Explicabo dolorem quasi animi et voluptas eligendi. Excepturi perspiciatis consequat', 'Angeline Connelly MD', 0, 'Dog', '283.522', 'sporer.bernhard@gmail.com');
INSERT INTO Animal ([id], [age], [breed], [diseases], [extra], [name], [sex], [species], [weight], [client_id]) VALUES (67, 5, 'aut', '', '', 'Katelin Feil', 0, 'Reptile', '95.556', 'dpaucek@yahoo.com');
INSERT INTO Animal ([id], [age], [breed], [diseases], [extra], [name], [sex], [species], [weight], [client_id]) VALUES (68, 0, 'commodi', 'Tempore recusandae recusandae accusantium ut sed. Ex dolor veniam dolorum nobis accusamus nobis beatae autem. Laudantium necessitatibus vitae rem distinctio.', 'Excepturi exercitationem ut voluptatem deleniti ab deserunt vitae. Quo voluptatum incidunt quis dolor nam. Autem tempora adipisci nulla nostrum est. Maxime omnis ad numquam fuga mollitia labore voluptatem. Aperiam qui placeat omnis voluptate cupiditate ni', 'Roslyn Orn MD', 0, 'Reptile', '276.662', 'hills.beulah@hotmail.com');
INSERT INTO Animal ([id], [age], [breed], [diseases], [extra], [name], [sex], [species], [weight], [client_id]) VALUES (69, 2, 'voluptatem', 'Omnis ab ex rerum voluptatem maiores eaque. Perferendis eligendi provident repellat adipisci magnam eaque omnis. Culpa magnam eos incidunt magni natus.', 'Sed minima ipsa necessitatibus. Corrupti est commodi autem magni et illum aliquid ipsum. Sed doloremque dignissimos est qui. Voluptatem consequatur rerum rerum. Corporis illo laudantium voluptatem et adipisci architecto.', 'Virginia Wilderman MD', 0, 'Reptile', '109.498', 'ahyatt@yahoo.com');
INSERT INTO Animal ([id], [age], [breed], [diseases], [extra], [name], [sex], [species], [weight], [client_id]) VALUES (70, 1, 'quia', '', '', 'Hailey Ziemann', 0, 'Horse', '57.644', 'ereilly@yahoo.com');
INSERT INTO Animal ([id], [age], [breed], [diseases], [extra], [name], [sex], [species], [weight], [client_id]) VALUES (71, 9, '', '', '', 'Don Wiza Jr.', 0, 'Dog', '282.457', 'gosinski@gmail.com');
INSERT INTO Animal ([id], [age], [breed], [diseases], [extra], [name], [sex], [species], [weight], [client_id]) VALUES (72, 8, '', 'Consequatur quae dolore aut id. Natus recusandae voluptatum quia est maiores.', '', 'Elian OxConnell', 0, 'Reptile', '104.578', 'paula.nienow@gmail.com');
INSERT INTO Animal ([id], [age], [breed], [diseases], [extra], [name], [sex], [species], [weight], [client_id]) VALUES (73, 3, '', '', '', 'Everett Kreiger', 0, 'Dog', '143.286', 'fblock@gmail.com');
INSERT INTO Animal ([id], [age], [breed], [diseases], [extra], [name], [sex], [species], [weight], [client_id]) VALUES (74, 10, '', '', 'Optio dolores sed veniam eius omnis. Debitis illum tempora expedita nisi est sint velit. Esse eos incidunt laboriosam quasi. Ut magni earum molestias qui molestias animi tempore. In eum delectus error consequatur placeat.', 'Dolores Moore', 0, 'Reptile', '100.155', 'finn53@gmail.com');
INSERT INTO Animal ([id], [age], [breed], [diseases], [extra], [name], [sex], [species], [weight], [client_id]) VALUES (75, 0, '', '', 'Molestiae vitae odit consequatur consequatur quia quos omnis. Et minus minus non. Cumque placeat quis eius quae voluptatibus et veritatis.', 'Karolann Lockman', 1, 'Cat', '177.903', 'gjohns@gmail.com');
INSERT INTO Animal ([id], [age], [breed], [diseases], [extra], [name], [sex], [species], [weight], [client_id]) VALUES (76, 6, '', '', '', 'Mrs. Lexi Wuckert', 0, 'Cat', '176.326', 'julianne13@hotmail.com');
INSERT INTO Animal ([id], [age], [breed], [diseases], [extra], [name], [sex], [species], [weight], [client_id]) VALUES (77, 4, '', '', '', 'Miss Megane Feest', 0, 'Dog', '65.809', 'htorphy@gmail.com');
INSERT INTO Animal ([id], [age], [breed], [diseases], [extra], [name], [sex], [species], [weight], [client_id]) VALUES (78, 5, '', 'Nemo quae ad iste impedit. Id sint est porro deserunt harum.', 'Et a ratione eligendi dolor consectetur id. Sunt quibusdam atque deserunt et non sit voluptas aut. Eos nisi asperiores praesentium esse. Saepe sed omnis quos qui nesciunt fugiat voluptas.', 'Whitney Schneider', 0, 'Horse', '15.487', 'blanda.frederik@hotmail.com');
INSERT INTO Animal ([id], [age], [breed], [diseases], [extra], [name], [sex], [species], [weight], [client_id]) VALUES (79, 1, 'voluptate', 'Quidem ea commodi voluptatem. Dolore repudiandae ut corrupti aut id beatae eum.', '', 'Frank Kautzer', 1, 'Horse', '133.49', 'urutherford@gmail.com');
INSERT INTO Animal ([id], [age], [breed], [diseases], [extra], [name], [sex], [species], [weight], [client_id]) VALUES (80, 3, '', 'Ex deserunt perspiciatis velit natus. Dolore est accusantium asperiores ipsa id.', 'Est dignissimos velit porro aspernatur ut itaque maxime. Dignissimos ab laborum facilis repudiandae voluptas laborum neque. Delectus perferendis nihil nobis nostrum. Voluptatum aut officiis amet ut autem. Velit rerum fugiat commodi sit aut dolorem.', 'Prof. Ellis Schuster', 1, 'Reptile', '75.288', 'mariam30@gmail.com');
INSERT INTO Animal ([id], [age], [breed], [diseases], [extra], [name], [sex], [species], [weight], [client_id]) VALUES (81, 4, '', 'Tempore doloremque tempore et molestias quae rerum. Sunt autem repellendus dolorem et at quia et.', '', 'Lessie Brekke MD', 1, 'Horse', '42.061', 'deangelo.greenholt@yahoo.com');
INSERT INTO Animal ([id], [age], [breed], [diseases], [extra], [name], [sex], [species], [weight], [client_id]) VALUES (82, 5, '', 'Dolorem numquam dicta vel. Non dolore quisquam asperiores consequuntur aliquam ab a.', '', 'Roselyn Sawayn', 1, 'Horse', '240.775', 'janis.harber@gmail.com');
INSERT INTO Animal ([id], [age], [breed], [diseases], [extra], [name], [sex], [species], [weight], [client_id]) VALUES (83, 10, '', 'Nesciunt explicabo harum perferendis architecto. Accusantium itaque repellendus nam consequuntur dolor. Dolorum consequatur animi laudantium fugiat sunt blanditiis in exercitationem.', '', 'Candice Torp', 1, 'Horse', '155.758', 'aimee.schuster@gmail.com');
INSERT INTO Animal ([id], [age], [breed], [diseases], [extra], [name], [sex], [species], [weight], [client_id]) VALUES (84, 1, 'architecto', '', '', 'Dr. Lyda Hermiston MD', 0, 'Cat', '37.282', 'aubree00@yahoo.com');
INSERT INTO Animal ([id], [age], [breed], [diseases], [extra], [name], [sex], [species], [weight], [client_id]) VALUES (85, 2, 'sit', 'Facilis voluptate ut sed voluptatem et aliquam. Et in rerum ut quia.', '', 'Kristofer Wiegand', 1, 'Dog', '260.159', 'zschuster@gmail.com');
INSERT INTO Animal ([id], [age], [breed], [diseases], [extra], [name], [sex], [species], [weight], [client_id]) VALUES (86, 6, 'dolorum', 'Reiciendis voluptatem consequatur dolor sit sint est delectus. In dicta facere autem quibusdam sint.', 'Soluta quia odio omnis et. Dolorem mollitia quia eos iusto optio. Eligendi nisi voluptatem et magnam. Ullam dignissimos harum officia praesentium. Exercitationem placeat nihil et perspiciatis quidem aperiam nihil.', 'Jacinthe Huels', 1, 'Horse', '13.171', 'olson.aiyana@gmail.com');
INSERT INTO Animal ([id], [age], [breed], [diseases], [extra], [name], [sex], [species], [weight], [client_id]) VALUES (87, 7, 'soluta', 'Eligendi eligendi est repellat. Corporis praesentium sit exercitationem explicabo. Et vero dolores voluptatibus ab sint.', '', 'Mr. Grover Aufderhar MD', 1, 'Horse', '86.442', 'schultz.cristian@gmail.com');
INSERT INTO Animal ([id], [age], [breed], [diseases], [extra], [name], [sex], [species], [weight], [client_id]) VALUES (88, 1, 'officiis', 'Eum exercitationem occaecati quam in dignissimos enim quisquam. Laudantium incidunt dolorum nisi molestiae nisi. Illum aut facilis dicta et corporis.', 'Rem atque id voluptas nihil tenetur. Et quos eligendi atque ipsam est nam est. Sit qui consectetur atque animi consequatur.', 'Prof. Enrico Skiles', 1, 'Dog', '12.466', 'georgiana.parisian@gmail.com');
INSERT INTO Animal ([id], [age], [breed], [diseases], [extra], [name], [sex], [species], [weight], [client_id]) VALUES (89, 7, 'officiis', '', '', 'Edward Bogan I', 0, 'Cat', '283.235', 'kankunding@yahoo.com');
INSERT INTO Animal ([id], [age], [breed], [diseases], [extra], [name], [sex], [species], [weight], [client_id]) VALUES (90, 2, 'perspiciatis', '', 'Repellat recusandae explicabo perferendis eius. Qui repellendus enim nesciunt soluta. Beatae commodi voluptatum atque dignissimos et. Debitis corporis explicabo praesentium sit.', 'Stanford Kuphal', 0, 'Dog', '17.668', 'beier.paula@gmail.com');
INSERT INTO Animal ([id], [age], [breed], [diseases], [extra], [name], [sex], [species], [weight], [client_id]) VALUES (91, 6, '', '', 'Sint vitae veritatis in laboriosam necessitatibus. Adipisci ipsam id inventore fugit sed voluptatum. Delectus sed dolorem molestiae incidunt. Numquam maxime non voluptatem nesciunt ut. Quibusdam non ea velit id quia minus. Odit tempora hic adipisci quia q', 'Nicolette Bins', 0, 'Dog', '78.829', 'boreilly@hotmail.com');
INSERT INTO Animal ([id], [age], [breed], [diseases], [extra], [name], [sex], [species], [weight], [client_id]) VALUES (92, 7, 'iure', '', '', 'Sadie Marquardt', 0, 'Cat', '130.797', 'droberts@hotmail.com');
INSERT INTO Animal ([id], [age], [breed], [diseases], [extra], [name], [sex], [species], [weight], [client_id]) VALUES (93, 3, '', 'Exercitationem voluptatem saepe dolore non ut ut illo. Omnis modi exercitationem quos voluptatibus quia. Odit mollitia alias quia et iste.', 'Accusamus harum suscipit nisi molestiae dolor. Nobis perspiciatis numquam error magnam iure ducimus amet id. Et doloremque fugiat dolorum tempora enim rerum. Asperiores culpa est fugit. Ratione et voluptatum deleniti ea. Tempore consequuntur error ab pari', 'Rocio Lemke', 0, 'Dog', '109.364', 'vgulgowski@yahoo.com');
INSERT INTO Animal ([id], [age], [breed], [diseases], [extra], [name], [sex], [species], [weight], [client_id]) VALUES (94, 6, 'error', '', 'Aut magnam suscipit molestiae molestias corporis omnis consequatur inventore. Quam ut ex architecto nemo. At voluptatem consequatur vero corporis autem voluptas placeat. Ut vel velit ea ut. Doloribus reprehenderit nobis odio. Cumque nostrum optio libero b', 'Erling Wiza', 1, 'Reptile', '204.947', 'noe.balistreri@gmail.com');
INSERT INTO Animal ([id], [age], [breed], [diseases], [extra], [name], [sex], [species], [weight], [client_id]) VALUES (95, 4, 'neque', '', '', 'Aurelie Russel', 1, 'Dog', '28.684', 'hackett.margot@gmail.com');
INSERT INTO Animal ([id], [age], [breed], [diseases], [extra], [name], [sex], [species], [weight], [client_id]) VALUES (96, 10, '', '', '', 'Tatyana Hoeger', 1, 'Dog', '122.436', 'daisha54@gmail.com');
INSERT INTO Animal ([id], [age], [breed], [diseases], [extra], [name], [sex], [species], [weight], [client_id]) VALUES (97, 5, 'laborum', 'Quis non non magnam est enim omnis. Aut at omnis dolor rem corrupti harum voluptatem. Fugit et quam inventore qui reprehenderit soluta in.', 'Quo eum maxime officia fugiat inventore. Qui in velit cupiditate repellat sapiente est illum sunt. Modi sapiente fugiat omnis quia expedita atque. Fugit voluptatem perspiciatis eaque id quia nostrum qui.', 'Bobby Gibson', 0, 'Cat', '138.674', 'ruecker.haley@yahoo.com');
INSERT INTO Animal ([id], [age], [breed], [diseases], [extra], [name], [sex], [species], [weight], [client_id]) VALUES (98, 9, '', 'Hic unde nulla consequuntur et molestiae aliquam voluptatum. Quae impedit magnam hic sint.', '', 'Victoria Franecki', 0, 'Horse', '25.631', 'bveum@yahoo.com');
INSERT INTO Animal ([id], [age], [breed], [diseases], [extra], [name], [sex], [species], [weight], [client_id]) VALUES (99, 1, 'laudantium', 'Voluptatibus voluptatum est non modi optio. Enim ab sunt voluptates. Et quis consequuntur est omnis.', 'Quia expedita soluta ad dolorem vitae est. Impedit sed autem vel repellendus asperiores iure facilis. Voluptatem recusandae est maiores autem voluptatum possimus. Ex non deleniti non quis reiciendis dignissimos temporibus. Sed vero libero praesentium quib', 'Prof. Jonas Shields IV', 1, 'Dog', '296.114', 'murray.elliott@yahoo.com');
INSERT INTO Animal ([id], [age], [breed], [diseases], [extra], [name], [sex], [species], [weight], [client_id]) VALUES (100, 3, '', 'Delectus tempora consectetur pariatur exercitationem sed culpa. Corrupti aspernatur optio ut quo. Vel perspiciatis eius vero ipsum et.', '', 'Miss Melissa Fadel III', 1, 'Cat', '189.625', 'hazle43@hotmail.com');

--
-- TABLE STRUCTURE FOR: Petsitter
--
INSERT INTO Petsitter ([email], [location], [password], [phone], [username], [about_me], [birth_date], [ad_id]) VALUES ('adolf.gerhold@gmail.com', '2066 Hildegard Crossing Apt. 172nWallaceside, OK 99212', '6a29655f48bf83b0b2533e7f91ea3a1a4afdc669', 940647842, 'omurphy', '', '1993-05-30 00:00:00', 50);
INSERT INTO Petsitter ([email], [location], [password], [phone], [username], [about_me], [birth_date], [ad_id]) VALUES ('aglae69@gmail.com', '086 Turner Trace Suite 646nGottliebmouth, ND 22399-0912', 'ab08cc02c23154f9bdfd9c100763d9b57b6fc0ce', 951062024, 'madilyn05', 'Iste voluptatum aut ut quo ipsam quisquam rerum. Temporibus ut dolores eligendi alias totam perferendis veritatis quia. Nam eum voluptatibus et ut animi. Nam quo omnis molestias non dolorem.', '1970-12-30 00:00:00', 28);
INSERT INTO Petsitter ([email], [location], [password], [phone], [username], [about_me], [birth_date], [ad_id]) VALUES ('ajaskolski@gmail.com', '0744 May Stravenue Suite 805nVonRuedenberg, AZ 67606-4987', 'a01461f699a517d05f752ccf2fcb37746b9b3491', 952860507, 'myrtice.schmeler', '', '2001-09-11 00:00:00', 8);
INSERT INTO Petsitter ([email], [location], [password], [phone], [username], [about_me], [birth_date], [ad_id]) VALUES ('akilback@hotmail.com', '8622 Joany MotorwaynSouth Maritzachester, OR 80664-9976', '94617acf5e8c2e1ad3fe47762c9d11fbea79c705', 951683417, 'eoxkon', '', '1999-02-08 00:00:00', 48);
INSERT INTO Petsitter ([email], [location], [password], [phone], [username], [about_me], [birth_date], [ad_id]) VALUES ('alaina86@gmail.com', '664 Renner MissionnNew Fabian, MO 93862-0929', 'd7bff4f87110124dbb85d36e822ca2b88a74047c', 944664102, 'strosin.bradly', '', '2010-12-14 00:00:00', 30);
INSERT INTO Petsitter ([email], [location], [password], [phone], [username], [about_me], [birth_date], [ad_id]) VALUES ('alexzander.dietrich@gmail.com', '0995 Welch StreamnEast Gildaberg, WA 36319', '3b0bc72c22436a84efbea7c3a4fdb83beabad0ba', 954601559, 'maufderhar', 'Adipisci nihil aut dolor quia cumque eos dolores. Sit pariatur et nostrum dolores. Atque est voluptates earum reprehenderit porro sit vitae. Quasi sit voluptatum eius et alias et provident. Et facilis nisi in ut dolor. Omnis quis libero dolores accusamus ', '2021-04-15 00:00:00', 26);
INSERT INTO Petsitter ([email], [location], [password], [phone], [username], [about_me], [birth_date], [ad_id]) VALUES ('alfreda.kessler@gmail.com', '59508 Darron Ridge Suite 749nSouth Felicia, NE 70706-3615', '99e75b33a0960f4bee88747017fb9bc4ffa2b893', 956014969, 'maritza54', 'Sequi animi provident omnis porro sequi pariatur optio. Soluta consequatur dolor a nostrum. Animi ut non ullam eius tenetur quis cumque autem. Aut quia sit praesentium et aut.', '1984-12-03 00:00:00', 73);
INSERT INTO Petsitter ([email], [location], [password], [phone], [username], [about_me], [birth_date], [ad_id]) VALUES ('alia.bailey@hotmail.com', '300 Oceane Roads Apt. 496nPort Carterville, NV 19352-5849', 'bd311436e451eaf24c5b2eeddbe27114bde72f33', 912713820, 'norbert.lindgren', '', '2017-09-21 00:00:00', 36);
INSERT INTO Petsitter ([email], [location], [password], [phone], [username], [about_me], [birth_date], [ad_id]) VALUES ('amiya.adams@gmail.com', '1202 Rath LocknNorth Babyborough, DC 57504', '560fb18628ac489b5836ba92f86fa8ae493bc237', 935512572, 'kane70', 'Illum quia facilis inventore dolorum voluptatem debitis similique. Modi accusantium dolores id minima ad. Nihil ipsa porro odit nihil ipsa maxime qui. Vero sed eaque ullam expedita reiciendis iusto.', '2019-07-10 00:00:00', 38);
INSERT INTO Petsitter ([email], [location], [password], [phone], [username], [about_me], [birth_date], [ad_id]) VALUES ('annetta.graham@gmail.com', '4256 Jerald IslandsnDxAmorefurt, UT 45874-7723', 'd81fd7bb52e7caf569ef252ae13ca70ef54112ff', 932199216, 'botsford.kennedy', '', '2001-08-30 00:00:00', 93);
INSERT INTO Petsitter ([email], [location], [password], [phone], [username], [about_me], [birth_date], [ad_id]) VALUES ('bberge@hotmail.com', '6304 Drew FordsnBergstrommouth, UT 92085', '300c726f10a5e65c5de0b7c6cbe42bd97f931640', 966769568, 'xlindgren', '', '2021-10-02 00:00:00', 44);
INSERT INTO Petsitter ([email], [location], [password], [phone], [username], [about_me], [birth_date], [ad_id]) VALUES ('bednar.claudie@gmail.com', '84702 Emmerich Prairie Suite 407nWest Tonibury, WI 27295-9114', 'dff1861e0f60540f9b81f2d24f726f5d8df92959', 924114970, 'gutmann.giovanna', '', '1990-05-31 00:00:00', 82);
INSERT INTO Petsitter ([email], [location], [password], [phone], [username], [about_me], [birth_date], [ad_id]) VALUES ('beer.sarah@hotmail.com', '0574 Rath Hills Suite 210nAmbrosemouth, ID 21863', 'f52ecaba085f7ee152a520921b6dce5f994d1aaf', 954964902, 'kgleason', 'Excepturi repellendus eligendi eius. Sit iste ut nihil architecto. Reprehenderit quia inventore doloremque quidem. Non blanditiis alias fugiat. Nobis qui ut perspiciatis saepe. Et vitae eum quo reprehenderit.', '2005-12-15 00:00:00', 76);
INSERT INTO Petsitter ([email], [location], [password], [phone], [username], [about_me], [birth_date], [ad_id]) VALUES ('bhackett@hotmail.com', '49814 Gonzalo Port Apt. 596nNorth Nils, WV 48940', 'dcb4702db1d20f2db561312da9c4893beb55e870', 936268232, 'yfeil', '', '2016-12-12 00:00:00', 85);
INSERT INTO Petsitter ([email], [location], [password], [phone], [username], [about_me], [birth_date], [ad_id]) VALUES ('blangosh@yahoo.com', '919 Cary DalenHodkiewiczberg, MI 45408-9753', '85411260945a23111493eddbd5ca03d6d33ba714', 947974283, 'thompson.lionel', '', '1970-08-02 00:00:00', 10);
INSERT INTO Petsitter ([email], [location], [password], [phone], [username], [about_me], [birth_date], [ad_id]) VALUES ('block.craig@yahoo.com', '5579 Mozelle TrailnEast Brendon, ID 70940-0575', '3e08a442d40d38d0ae557db2d3c1777aa34e9766', 967832630, 'runolfsdottir.jaylin', 'Neque eius aliquam officia modi non illum doloremque. Dolore beatae est et quisquam odit. Voluptatum est ut aut amet non voluptatum expedita. Eum reprehenderit beatae quo dolorem iste consequatur.', '1977-03-02 00:00:00', 42);
INSERT INTO Petsitter ([email], [location], [password], [phone], [username], [about_me], [birth_date], [ad_id]) VALUES ('borer.dock@hotmail.com', '21546 Ryan DrivesnNew Shanonmouth, IA 33490-6789', 'f909cdf65ed164a09d5b4b9435ea022573d106a1', 914423167, 'elaina.collins', '', '1986-01-11 00:00:00', 43);
INSERT INTO Petsitter ([email], [location], [password], [phone], [username], [about_me], [birth_date], [ad_id]) VALUES ('bortiz@yahoo.com', '2694 Neil Heights Suite 295nBlickburgh, CT 66184', '17422ae3dc7debe127bd2262efda49ac079ff436', 919158521, 'abigail80', 'Voluptas dolores nobis voluptate eos consequatur optio unde. Maxime saepe modi sit omnis nostrum voluptate. Quam et dicta voluptates accusamus sed nesciunt. Ut occaecati aspernatur sed. Qui voluptas possimus sit molestiae eaque.', '1991-07-28 00:00:00', 3);
INSERT INTO Petsitter ([email], [location], [password], [phone], [username], [about_me], [birth_date], [ad_id]) VALUES ('brandon.braun@gmail.com', '39790 Davonte Mountain Suite 410nJordyton, WV 71646-5799', 'e4a5311ea8316449dabf26d59333495b9d06164d', 947969166, 'hope56', 'Facere omnis debitis quam aperiam. Illo officiis qui eum libero ipsam quos dolore. Magnam soluta eos vitae eos. Possimus dolor est sunt deleniti officiis repellat et.', '2011-10-26 00:00:00', 39);
INSERT INTO Petsitter ([email], [location], [password], [phone], [username], [about_me], [birth_date], [ad_id]) VALUES ('brekke.cecil@yahoo.com', '463 Reinhold RanchnLake Bernardo, IN 58845', '504ecff4137120edc81c97983945af889302aedd', 926948230, 'gene.hermiston', '', '1981-10-18 00:00:00', 21);
INSERT INTO Petsitter ([email], [location], [password], [phone], [username], [about_me], [birth_date], [ad_id]) VALUES ('brooks35@yahoo.com', '192 Hackett RapidnKendrickton, OK 13370', 'cbd7e27a068f3d0c9aca9d9a1a289bed23b216d7', 943968021, 'okeeling', 'Dolor tempora voluptas sed recusandae blanditiis. Id sed ipsa ullam quo aliquid. Autem incidunt et repellat repellat tempore praesentium. Iste optio non et iure veritatis facere.', '2013-01-31 00:00:00', 55);
INSERT INTO Petsitter ([email], [location], [password], [phone], [username], [about_me], [birth_date], [ad_id]) VALUES ('charles24@yahoo.com', '603 Cristobal CourtnNew Clay, RI 89933-2808', '9803e6ddf0fae46c043c53e9d6672264c5850ba7', 960260992, 'dpowlowski', 'Ad facere soluta odit eveniet at. Tenetur rem voluptate accusantium ipsam. Odio adipisci voluptatem sit repellendus eum omnis dolore. Ut repudiandae excepturi harum error at ullam dolor.', '1985-11-02 00:00:00', 7);
INSERT INTO Petsitter ([email], [location], [password], [phone], [username], [about_me], [birth_date], [ad_id]) VALUES ('chelsie.ankunding@yahoo.com', '21320 Sean Rapids Apt. 766nDickiside, AL 12914-7155', '2b99f7dacab121b4b44f0f5c4da5f71df19ad487', 917152914, 'ashtyn52', 'Sed et eveniet perspiciatis rerum voluptatem. Et illo aperiam eum dolores qui deserunt incidunt. Dolorum neque quam praesentium ut voluptatum. Maxime aliquam suscipit saepe incidunt autem qui. Aspernatur qui dolorum in.', '1985-02-20 00:00:00', 2);
INSERT INTO Petsitter ([email], [location], [password], [phone], [username], [about_me], [birth_date], [ad_id]) VALUES ('chelsie.crist@gmail.com', '46128 Little Key Suite 525nEphraimview, CT 03441', '26d8f6197dad896b9969a30ed1dc0784d83521e1', 954824594, 'pbosco', '', '2015-04-21 00:00:00', 50);
INSERT INTO Petsitter ([email], [location], [password], [phone], [username], [about_me], [birth_date], [ad_id]) VALUES ('cordie.hilpert@yahoo.com', '97510 Schimmel GlennNorth Myaberg, KY 68799-5017', '746d419e400ed161661c764c0afaa35822c57126', 943504884, 'pwest', '', '1984-11-16 00:00:00', 11);
INSERT INTO Petsitter ([email], [location], [password], [phone], [username], [about_me], [birth_date], [ad_id]) VALUES ('cristina.medhurst@yahoo.com', '60287 Abshire Mill Suite 843nEast Montanaport, NE 74496-1550', '96d9a471b69db822a50066afcb5c461d49eb7df4', 945791705, 'vmedhurst', '', '2021-04-07 00:00:00', 69);
INSERT INTO Petsitter ([email], [location], [password], [phone], [username], [about_me], [birth_date], [ad_id]) VALUES ('cstoltenberg@yahoo.com', '3634 Grady Rapid Apt. 418nKamronview, ID 39155', '36a22f35aadd2da76497a9d734b9c596cfe42a2d', 957082786, 'enid26', 'Asperiores eos at amet quis animi rem. Vel sint nulla corporis asperiores repellat consequatur iure facere. Consequatur quo exercitationem voluptatibus tempora. Iure id cumque incidunt nisi deserunt. Pariatur sapiente neque et praesentium. Porro possimus ', '1973-02-13 00:00:00', 41);
INSERT INTO Petsitter ([email], [location], [password], [phone], [username], [about_me], [birth_date], [ad_id]) VALUES ('cummings.jaquan@gmail.com', '6438 McLaughlin Turnpike Suite 851nBaileyberg, KY 63877', '0c52432becdc4ede84c168b849666e88792165bf', 948830573, 'nrath', 'Sunt laudantium cumque ullam autem ducimus aut cum. Maiores veniam placeat vel sunt. Provident est nemo eveniet aspernatur non sint. Autem odio eveniet optio esse deleniti optio facere. Quibusdam non et voluptas rem aut. Rerum ut et repellendus. Asperiore', '2008-01-14 00:00:00', 58);
INSERT INTO Petsitter ([email], [location], [password], [phone], [username], [about_me], [birth_date], [ad_id]) VALUES ('damian78@gmail.com', '017 Carlotta Junctions Suite 121nBoganside, MN 54804', '0665fdcca4d8f3f802585694b3e881f93dbb2165', 915451479, 'jazmyne80', 'Fugit nobis consequuntur totam corporis officia ullam. Et quia ipsam a sunt eaque. Veritatis eum consectetur unde fuga magnam. Temporibus dicta mollitia et beatae nostrum placeat.', '2019-08-24 00:00:00', 29);
INSERT INTO Petsitter ([email], [location], [password], [phone], [username], [about_me], [birth_date], [ad_id]) VALUES ('daphne81@hotmail.com', '61193 Kirstin River Suite 648nNorth Cheyanne, ND 25411-1000', '56ab898f5e3552181493c5e1744303e46e367a3e', 914498606, 'howard53', 'Qui ipsum modi aut sed. Quo dignissimos enim voluptas id quia tempore. Ut minima quidem quae facere dicta itaque. Quos rerum et quaerat neque molestiae. Omnis laboriosam eos sit rerum perspiciatis debitis temporibus.', '2005-03-06 00:00:00', 89);
INSERT INTO Petsitter ([email], [location], [password], [phone], [username], [about_me], [birth_date], [ad_id]) VALUES ('deckow.lessie@gmail.com', '652 OxHara Divide Suite 504nKassulkeport, SC 08521', '68ff1ba656907b0cbc61f08dd638549daf9ae4ec', 925019726, 'hodkiewicz.levi', 'Facere nostrum nam velit et dicta. Natus aut natus eum ut. Dolorum quia non sit. Ut excepturi nostrum consequatur. Qui velit sint error accusamus. Et vel deserunt explicabo unde dolore reiciendis temporibus. Labore optio ipsum distinctio ut accusamus.', '1998-03-20 00:00:00', 44);
INSERT INTO Petsitter ([email], [location], [password], [phone], [username], [about_me], [birth_date], [ad_id]) VALUES ('della41@hotmail.com', '3681 Demario LakenAimeemouth, OH 79553', '89821d7f6b9f3d84596f99633956f2569a922b41', 959171109, 'schmitt.martina', 'Repellendus sit ea beatae nesciunt quidem laboriosam alias aperiam. Similique itaque ullam atque consequuntur. Dicta temporibus enim itaque vero. Qui qui vero minima eos dignissimos deleniti velit.', '1977-10-13 00:00:00', 49);
INSERT INTO Petsitter ([email], [location], [password], [phone], [username], [about_me], [birth_date], [ad_id]) VALUES ('domenica.kreiger@yahoo.com', '569 Krystal Trace Suite 279nEast Claudeborough, OH 88613-6705', 'ed3edc2e7c307cb98a5420d44bece5cb9809bcc5', 955822431, 'peter72', '', '1976-09-27 00:00:00', 78);
INSERT INTO Petsitter ([email], [location], [password], [phone], [username], [about_me], [birth_date], [ad_id]) VALUES ('donato98@yahoo.com', '8314 Mollie CreeknEast Isaac, WV 87441', '0cf8065d14ce8bdc8cb56c455744a9d6ab7331f4', 946121077, 'destini.bernier', 'Quas fugiat iste harum corrupti non rem quos. Voluptatem rerum incidunt ea quis. Iste tenetur cupiditate enim dolores ducimus qui. Vero non optio qui et qui. Optio cupiditate commodi vel debitis explicabo. Animi est excepturi eos unde nesciunt.', '2012-11-22 00:00:00', 81);
INSERT INTO Petsitter ([email], [location], [password], [phone], [username], [about_me], [birth_date], [ad_id]) VALUES ('earnest.marks@yahoo.com', '840 Sheldon Orchard Apt. 784nAbshireton, CO 94647', 'c27304c28f3fbe80f005db2226628f1ba3c89ddb', 912709117, 'ubraun', '', '1997-08-04 00:00:00', 16);
INSERT INTO Petsitter ([email], [location], [password], [phone], [username], [about_me], [birth_date], [ad_id]) VALUES ('emerson53@yahoo.com', '375 Kayley Park Apt. 412nPort Saraiburgh, SC 15061-2802', 'a6731618e7c19fc5310b15025b8f871dc26c622a', 920659480, 'dennis79', '', '1999-06-22 00:00:00', 33);
INSERT INTO Petsitter ([email], [location], [password], [phone], [username], [about_me], [birth_date], [ad_id]) VALUES ('emory00@yahoo.com', '227 Sporer Manor Apt. 662nWest Jarvis, VT 60421-9232', 'f27fe5783f2862b2cc1edb43a2e00281f741d434', 915894989, 'mrath', '', '1984-09-16 00:00:00', 92);
INSERT INTO Petsitter ([email], [location], [password], [phone], [username], [about_me], [birth_date], [ad_id]) VALUES ('erin54@hotmail.com', '8519 Bruen Crossing Apt. 342nAbigayleberg, TX 06562', '660df8a1884248d36f41c0ed3907583fb3b73eed', 945595392, 'schuppe.kariane', '', '1979-08-30 00:00:00', 1);
INSERT INTO Petsitter ([email], [location], [password], [phone], [username], [about_me], [birth_date], [ad_id]) VALUES ('etha.gibson@yahoo.com', '24956 Geraldine Club Apt. 542nPort Aryannabury, PA 23240', '0458b2783adf1f0a8bdb729d188041b579b29d05', 917801157, 'evie35', 'Labore ut voluptatem veritatis voluptatem sit. Eligendi quis possimus ut itaque. Incidunt laudantium nostrum deserunt voluptatum quisquam laudantium sunt perspiciatis. Consequatur ratione quia id provident voluptate. Maiores aspernatur et ipsum molestias ', '2013-01-15 00:00:00', 80);
INSERT INTO Petsitter ([email], [location], [password], [phone], [username], [about_me], [birth_date], [ad_id]) VALUES ('farrell.spencer@yahoo.com', '888 Vincenza Drive Apt. 925nPort Stacy, IA 73618-2660', '8153c6c59557d39f7d6164d143354e709f098f0b', 949539462, 'fharber', '', '2016-08-22 00:00:00', 30);
INSERT INTO Petsitter ([email], [location], [password], [phone], [username], [about_me], [birth_date], [ad_id]) VALUES ('flavio.denesik@gmail.com', '3228 Effertz Via Apt. 434nDerricktown, AL 51900', '6a404656ed556a273ae7fd5a3c0aa3ecfe07f1bb', 960403084, 'vnolan', 'Non sequi maxime quidem cupiditate aut et corporis. Enim amet eius et et ullam necessitatibus. Et voluptatem hic accusamus adipisci eius nam similique. Nobis amet suscipit fuga adipisci veniam. Amet rerum ut facere delectus alias. Delectus dignissimos ten', '2013-08-15 00:00:00', 4);
INSERT INTO Petsitter ([email], [location], [password], [phone], [username], [about_me], [birth_date], [ad_id]) VALUES ('fyost@yahoo.com', '131 Lilla Courts Apt. 041nKearaberg, IA 50543-6738', 'c631626c79a9b618c7e07ead03da189f6d4065f8', 940847192, 'xzavier.stamm', '', '2010-08-04 00:00:00', 97);
INSERT INTO Petsitter ([email], [location], [password], [phone], [username], [about_me], [birth_date], [ad_id]) VALUES ('gaufderhar@hotmail.com', '71725 Wisoky Vista Apt. 225nNew Deborahhaven, DC 55248-6184', '5df333340afa33ccd928d71406099a272fcc5cad', 934840162, 'jolie61', 'Qui accusantium autem eveniet ea rem in. Provident ullam reprehenderit aliquid voluptatum. Odit dolor sit eos fugit. Quia molestiae architecto sapiente quos eaque molestias.', '1979-09-27 00:00:00', 90);
INSERT INTO Petsitter ([email], [location], [password], [phone], [username], [about_me], [birth_date], [ad_id]) VALUES ('geo58@hotmail.com', '08959 Neal ViewsnArielmouth, IN 89105-9152', '00c2e97aaa8d85118681ee895ef094b0b00ed637', 944346118, 'jayce16', '', '1984-05-31 00:00:00', 35);
INSERT INTO Petsitter ([email], [location], [password], [phone], [username], [about_me], [birth_date], [ad_id]) VALUES ('gerardo37@yahoo.com', '6009 Emilie IslandsnStoltenbergfurt, NY 47525', 'dd184b67946da61c18c170920a454f5eacc7b6bb', 944282404, 'talon01', '', '1977-09-12 00:00:00', 22);
INSERT INTO Petsitter ([email], [location], [password], [phone], [username], [about_me], [birth_date], [ad_id]) VALUES ('gerlach.maximilian@yahoo.com', '7640 Adam PrairienPort Amya, KY 03978-8267', 'c8030c2d0b70cdb1feaf036256307186d8e1517b', 922573811, 'hintz.brenda', 'Veniam non quia non. Excepturi eius rerum aut placeat voluptatibus ab. Nulla asperiores adipisci quia maiores dolores voluptates. Autem labore laboriosam sint in dignissimos beatae.', '1989-10-28 00:00:00', 65);
INSERT INTO Petsitter ([email], [location], [password], [phone], [username], [about_me], [birth_date], [ad_id]) VALUES ('gislason.neal@yahoo.com', '90384 Skiles HillnDellaburgh, PA 61167-5593', '28de0e7a95327fa704a22820c8e3519ac1b4244e', 935794811, 'jon97', '', '2010-10-12 00:00:00', 5);
INSERT INTO Petsitter ([email], [location], [password], [phone], [username], [about_me], [birth_date], [ad_id]) VALUES ('gladys.collins@yahoo.com', '952 Weston Cove Apt. 765nLake Nashborough, VA 56429', '16a0609d934732c37531bb7f53f3426b9e4c43b2', 963812488, 'vhilpert', '', '1974-04-02 00:00:00', 49);
INSERT INTO Petsitter ([email], [location], [password], [phone], [username], [about_me], [birth_date], [ad_id]) VALUES ('gwuckert@gmail.com', '2130 Bauch Square Suite 226nNorth Edgar, SD 47436', '3ec2348e433b75a1a82d92950d5ce4fc788e30c1', 920952575, 'mcorkery', 'Accusamus sit officiis ut nemo aliquam voluptas. Totam necessitatibus sit laboriosam. Aut velit quis quidem est vitae. Ea soluta nihil tempora. Quasi eveniet distinctio aut ut quia voluptatem porro quia. Quia dolores odit blanditiis est.', '1981-07-30 00:00:00', 10);
INSERT INTO Petsitter ([email], [location], [password], [phone], [username], [about_me], [birth_date], [ad_id]) VALUES ('halvorson.sandy@yahoo.com', '704 Hirthe Curve Apt. 544nNorth Shemar, ME 53721', '3109c8c3b1588df57c63f4fe3cf4b4af0fba3f95', 942456316, 'bo.kozey', 'Tempora non eum iste qui velit iusto rem. Tempore nemo eligendi voluptatem aut ipsam delectus nostrum nemo. Molestiae nam officiis explicabo voluptatem quos voluptatem consequuntur. Velit nihil iure ipsam vitae. Consequatur officia quasi qui sit ullam. La', '2019-03-12 00:00:00', 99);
INSERT INTO Petsitter ([email], [location], [password], [phone], [username], [about_me], [birth_date], [ad_id]) VALUES ('hammes.edyth@yahoo.com', '34932 Eldred LanenClarkland, AL 27778', '8fd3959ea745f542328918efac39be39adb66ab0', 921418855, 'aron79', '', '2007-12-09 00:00:00', 46);
INSERT INTO Petsitter ([email], [location], [password], [phone], [username], [about_me], [birth_date], [ad_id]) VALUES ('henriette36@gmail.com', '242 Brielle LakenReynoldsfurt, MN 35543', 'e61af063cf20f2e2b632dc3cfbfdf4b6021038f1', 931381556, 'mackenzie35', 'Dicta sint saepe ipsam libero quibusdam aliquid. Ut saepe rerum aut. Et vel dolores id qui. Quibusdam id accusamus doloremque ipsam nostrum doloremque. Voluptas et consequuntur mollitia quos ratione dolor dolore molestiae.', '1980-01-26 00:00:00', 9);
INSERT INTO Petsitter ([email], [location], [password], [phone], [username], [about_me], [birth_date], [ad_id]) VALUES ('herminia.mills@yahoo.com', '7861 Wuckert WellsnJastton, SD 58677-9041', 'aaa3591e21594e7db75d837d0ef7a45a628d95e4', 918482033, 'aolson', '', '2003-07-23 00:00:00', 2);
INSERT INTO Petsitter ([email], [location], [password], [phone], [username], [about_me], [birth_date], [ad_id]) VALUES ('imogene82@yahoo.com', '68613 Jovany Place Suite 937nAntoninashire, PA 26347-7685', '96c6250ea3c18c24774939b7715624fa27f401ef', 959843003, 'trinity87', '', '1984-04-04 00:00:00', 16);
INSERT INTO Petsitter ([email], [location], [password], [phone], [username], [about_me], [birth_date], [ad_id]) VALUES ('irving.schumm@yahoo.com', '158 Augusta Freeway Apt. 637nWest Kendra, WV 85402-7090', 'a9ddb9bf8eb970062deaa359902513f4fae4cf5a', 951355642, 'aanderson', '', '2018-06-11 00:00:00', 41);
INSERT INTO Petsitter ([email], [location], [password], [phone], [username], [about_me], [birth_date], [ad_id]) VALUES ('ishields@yahoo.com', '740 Breanna Land Apt. 841nNorth Yessenia, LA 72439', '1e936badf281ecf5afba86def937534402057968', 928839977, 'portiz', 'Iure perferendis nihil eum. Pariatur quis qui maxime quia at dolor similique. Doloremque numquam sit dicta incidunt. Rerum consequatur quo iste odio fugit consequatur.', '2004-10-01 00:00:00', 14);
INSERT INTO Petsitter ([email], [location], [password], [phone], [username], [about_me], [birth_date], [ad_id]) VALUES ('jacobs.terence@yahoo.com', '609 Rodriguez Track Apt. 537nKraigberg, CO 06790-5725', '66dccf8e6731c0b65df78d643073289d8da2cb9b', 917731207, 'herminia59', '', '1977-01-13 00:00:00', 17);
INSERT INTO Petsitter ([email], [location], [password], [phone], [username], [about_me], [birth_date], [ad_id]) VALUES ('jaskolski.ryleigh@hotmail.com', '749 Kira Rue Apt. 052nLake Milesshire, ND 48276', '9dded38c2690008f8fb0115aab5a7ee37f2a81f2', 963605388, 'ferne.ratke', '', '2005-01-22 00:00:00', 53);
INSERT INTO Petsitter ([email], [location], [password], [phone], [username], [about_me], [birth_date], [ad_id]) VALUES ('jaylan.ankunding@yahoo.com', '789 Simonis Loop Suite 961nSouth Carmella, WI 68640-4708', 'd1f390f19c0c0c2f4e9531738b545958375567c1', 921855169, 'orpha29', 'Neque cum officiis expedita molestiae consectetur. Architecto dignissimos distinctio voluptas iusto dignissimos qui. Quia et repellendus sunt ut pariatur esse blanditiis. Et voluptatum doloribus omnis accusantium ut soluta. Magni aut dolor vero nemo. Ut q', '2015-03-22 00:00:00', 34);
INSERT INTO Petsitter ([email], [location], [password], [phone], [username], [about_me], [birth_date], [ad_id]) VALUES ('jefferey.sipes@hotmail.com', '24982 Lang Springs Apt. 518nNorth Isabelle, NC 46247-7008', '26c8c6d91a391cb897539be4678645ed265c19f1', 953562355, 'genevieve92', 'Debitis expedita harum illo culpa laboriosam est distinctio. Qui eius molestiae ratione facilis velit ut. Quod non dignissimos hic aperiam iure. Laudantium et eaque omnis rem in voluptatem totam modi. Magnam deleniti veniam dolorem aliquid qui deserunt do', '1980-05-29 00:00:00', 60);
INSERT INTO Petsitter ([email], [location], [password], [phone], [username], [about_me], [birth_date], [ad_id]) VALUES ('joelle19@hotmail.com', '8967 Frederic MissionnWest Helmer, OR 13989', 'f51c6183d12b77624ba87d421955845b741506a7', 946594717, 'jalyn.walsh', 'Aut sint sequi iure magnam vero ex. Molestiae distinctio voluptas aperiam ut sed officia nostrum. Et quis adipisci qui. Ratione dignissimos quasi asperiores suscipit. Aut fugiat ea tenetur asperiores quia eveniet.', '1980-11-19 00:00:00', 33);
INSERT INTO Petsitter ([email], [location], [password], [phone], [username], [about_me], [birth_date], [ad_id]) VALUES ('jones.eunice@gmail.com', '076 Kihn FortnAnkundingmouth, SD 78890-7453', 'e26aab170030bb3241b14568e1051e73b51a0018', 925941591, 'oruecker', 'Est autem nihil id minima vel vero. Dolor ut temporibus doloribus ab occaecati. Quia perspiciatis voluptatibus eos dolore ut. Aliquam natus facilis illum enim id odit ut.', '1997-09-02 00:00:00', 29);
INSERT INTO Petsitter ([email], [location], [password], [phone], [username], [about_me], [birth_date], [ad_id]) VALUES ('jones.lenora@yahoo.com', '332 Bogan Ville Suite 004nEsperanzaborough, ME 47551-2255', 'd59079168d5cc48aefbf989ebbc8dae6bdb4b0b8', 928543804, 'bcorwin', 'Corporis quas eos et consectetur quaerat quis id vel. Accusantium saepe repudiandae natus asperiores. Repellendus est ut deserunt nihil minima facere ipsam. Aut iusto porro libero officia libero autem nostrum sunt. Nostrum tempora beatae autem nostrum nos', '1977-06-02 00:00:00', 61);
INSERT INTO Petsitter ([email], [location], [password], [phone], [username], [about_me], [birth_date], [ad_id]) VALUES ('joshua48@yahoo.com', '083 OxConner Crest Suite 677nNorth Emmanuelleport, WY 00815', '1ad18bb0465069408eeac3152c9e7ce31d579835', 949488141, 'ramon42', '', '2006-09-20 00:00:00', 71);
INSERT INTO Petsitter ([email], [location], [password], [phone], [username], [about_me], [birth_date], [ad_id]) VALUES ('julio66@yahoo.com', '554 Mya VistanEast Maynard, TX 37349', 'cfb69f98b3d339c4574f9046a5e4cc980c86dc6f', 910346640, 'rebekah95', '', '1988-11-01 00:00:00', 70);
INSERT INTO Petsitter ([email], [location], [password], [phone], [username], [about_me], [birth_date], [ad_id]) VALUES ('kacey.moen@hotmail.com', '581 Kihn Streets Apt. 819nEast Myles, LA 33527', '9923cfc6f010c9244ccf3689bf21fc473cfb1673', 916656541, 'braxton17', '', '1993-06-15 00:00:00', 3);
INSERT INTO Petsitter ([email], [location], [password], [phone], [username], [about_me], [birth_date], [ad_id]) VALUES ('katrina.hane@gmail.com', '18520 Paucek Neck Suite 610nWest Ovamouth, ME 87679', '876129eb3df4d4800ec400d9d0c98f58162cb2af', 936399271, 'astrid.hoeger', '', '2017-04-09 00:00:00', 91);
INSERT INTO Petsitter ([email], [location], [password], [phone], [username], [about_me], [birth_date], [ad_id]) VALUES ('kayleigh35@hotmail.com', '597 Torphy MissionnWest Hyman, KS 62608', 'cf6a4fba372d3f01c71e9efdcb6c57de009f0e4c', 913277063, 'tcartwright', '', '1988-04-30 00:00:00', 88);
INSERT INTO Petsitter ([email], [location], [password], [phone], [username], [about_me], [birth_date], [ad_id]) VALUES ('keebler.chet@yahoo.com', '75042 Arnaldo Fort Suite 879nTaniafort, NJ 62773', 'd387651433d7f7161d5bfbf83577513c3fc2524c', 962813231, 'bella.gulgowski', '', '2015-11-11 00:00:00', 98);
INSERT INTO Petsitter ([email], [location], [password], [phone], [username], [about_me], [birth_date], [ad_id]) VALUES ('kertzmann.jillian@hotmail.com', '002 Bergnaum ViaductnPort Elvera, LA 22237-5378', 'a11e167da682c0935ae64ca30f75cbaefced3d77', 913110895, 'tyson.mertz', '', '2008-03-16 00:00:00', 6);
INSERT INTO Petsitter ([email], [location], [password], [phone], [username], [about_me], [birth_date], [ad_id]) VALUES ('kklocko@hotmail.com', '7573 Moshe Street Apt. 613nNorth Morton, KY 12135-9190', '63c0354e293a5f677fffd177ed7f860c32fc163c', 966863020, 'deckow.easton', 'Impedit eveniet pariatur id quas voluptates rerum similique pariatur. Voluptates consequatur quasi soluta enim cupiditate officiis. Dolores culpa id neque eveniet sapiente culpa. Error est consequuntur et illo quisquam aut. Aspernatur exercitationem volup', '2018-09-25 00:00:00', 6);
INSERT INTO Petsitter ([email], [location], [password], [phone], [username], [about_me], [birth_date], [ad_id]) VALUES ('krystal.wilkinson@hotmail.com', '3547 Connelly SquarenVandervortside, SC 66584', 'fffe859ba0cc51361f3e72bca3b894bbbc040c36', 915089721, 'nmorar', '', '2004-12-06 00:00:00', 24);
INSERT INTO Petsitter ([email], [location], [password], [phone], [username], [about_me], [birth_date], [ad_id]) VALUES ('lamont.rau@yahoo.com', '89378 Paucek SummitnLake Diamondside, MS 34525-9803', 'ee6ce855457e2ad2698287ee5174b30d32dc0e55', 924472299, 'reyna.johnston', 'Sit voluptate consectetur delectus quas et. Praesentium ut in voluptas. Est sint sed alias laborum veniam ducimus. Nihil non dolor mollitia sunt fugiat totam eveniet. Veniam consequatur nihil velit repellat. Velit et porro ratione. Itaque eveniet corrupti', '2022-04-03 00:00:00', 17);
INSERT INTO Petsitter ([email], [location], [password], [phone], [username], [about_me], [birth_date], [ad_id]) VALUES ('layla.bednar@yahoo.com', '3267 Bogisich Mountain Suite 930nBoylestad, OR 88100-7447', '6374b5a79822e0520411942de20d07cb69f47cb6', 964028443, 'christiansen.christine', 'Laudantium expedita et magnam enim. Quia rem odit et unde ullam. Aliquam nihil quam et aut non. Dignissimos nesciunt ullam qui velit enim. Voluptas repellendus non et quisquam quam omnis. Ullam laboriosam qui minima facilis. Harum ad quo dolorem natus et ', '2013-09-29 00:00:00', 21);
INSERT INTO Petsitter ([email], [location], [password], [phone], [username], [about_me], [birth_date], [ad_id]) VALUES ('lela.rosenbaum@gmail.com', '5952 Ken RoadnRozellachester, TX 15422-0612', 'e7f19d5a0ec77a3a5e3ac8fe72fff65ecdb544c6', 936521482, 'forrest66', 'Incidunt dignissimos sed aut natus. Illum magnam molestiae possimus accusantium quidem. Nobis est voluptatum natus itaque aut quaerat. Delectus atque nisi autem quis sunt vel sit. Dicta quis enim quia ab. Perspiciatis voluptatem molestiae atque possimus e', '1983-04-28 00:00:00', 48);
INSERT INTO Petsitter ([email], [location], [password], [phone], [username], [about_me], [birth_date], [ad_id]) VALUES ('leonie.durgan@yahoo.com', '252 McCullough Avenue Apt. 139nSouth Darrick, MS 47916-5852', 'd967f759c45e4647e673cbaa6425463a1b7dc277', 965949656, 'gdoyle', 'Vel sit corrupti reiciendis corrupti distinctio. Fugit quaerat ut aut rerum ad aut excepturi. Nobis reprehenderit et amet qui alias voluptates magni. In sint blanditiis perspiciatis a laudantium quis. Consectetur quibusdam et inventore. Et ad pariatur exe', '2003-12-10 00:00:00', 28);
INSERT INTO Petsitter ([email], [location], [password], [phone], [username], [about_me], [birth_date], [ad_id]) VALUES ('letha05@yahoo.com', '4482 Luettgen Vista Apt. 646nNorth Santina, NJ 49425-0037', '7c05de154fd6fd66ddf10eeb963fc64697377906', 917916233, 'mollie.bergstrom', 'Incidunt vero porro assumenda non possimus. Iste tempora molestiae corporis esse omnis et quisquam. Molestiae exercitationem ut quia ea magni. In itaque expedita aut tempore est. Alias a minima nostrum dicta. Sit et sunt quas similique. Autem inventore es', '2001-05-02 00:00:00', 26);
INSERT INTO Petsitter ([email], [location], [password], [phone], [username], [about_me], [birth_date], [ad_id]) VALUES ('lisa93@yahoo.com', '58556 Borer Route Apt. 624nMonahanville, HI 91190-2403', 'd2f9ee80cc656a204cec06a0d616c3b2957d93ba', 962144514, 'kjenkins', '', '1988-10-25 00:00:00', 40);
INSERT INTO Petsitter ([email], [location], [password], [phone], [username], [about_me], [birth_date], [ad_id]) VALUES ('lisette.thompson@yahoo.com', '1602 Spinka MeadownMonicamouth, ID 48391-9398', 'dcab42140a67ef745cf80b3f04d1dc9d70506590', 940788935, 'leffler.zena', 'Voluptatibus aut officia consequatur et dolores. Pariatur sit reprehenderit et et dolorem dignissimos delectus. Quidem quis non eveniet quos qui. Et nihil ut consequatur accusantium. Cupiditate quia debitis et iure nisi. Porro nulla voluptatem vel animi. ', '1982-12-30 00:00:00', 31);
INSERT INTO Petsitter ([email], [location], [password], [phone], [username], [about_me], [birth_date], [ad_id]) VALUES ('lmorissette@gmail.com', '834 Moore Tunnel Apt. 194nLake Jaylen, SC 58768-8505', '9a0ba5e377604b1ddb32543cce231544bbba1615', 914950097, 'mlarkin', 'Ut quod aliquam voluptate nam. Rerum odit dolor vitae tempora culpa ea et. Non id qui occaecati non rem quam. Perspiciatis architecto necessitatibus sed qui tenetur maxime. Sunt quisquam et tempora id et. Aliquid officia quo doloribus dolorem voluptatem f', '1991-06-16 00:00:00', 74);
INSERT INTO Petsitter ([email], [location], [password], [phone], [username], [about_me], [birth_date], [ad_id]) VALUES ('lola25@gmail.com', '65226 Krajcik Shores Suite 152nWest Tremaineport, ID 81689', '951375034addf76d9b0266d7ec9ed817a696f22b', 917553200, 'leopoldo45', '', '1982-11-01 00:00:00', 67);
INSERT INTO Petsitter ([email], [location], [password], [phone], [username], [about_me], [birth_date], [ad_id]) VALUES ('lucy.jaskolski@gmail.com', '25961 Vilma Haven Apt. 739nSouth Ray, IN 66615', '9a185693f865ed2804d97103f573927dd83ec262', 925178703, 'broob', '', '1987-12-27 00:00:00', 43);
INSERT INTO Petsitter ([email], [location], [password], [phone], [username], [about_me], [birth_date], [ad_id]) VALUES ('luisa97@gmail.com', '6264 Kling MountainsnLake Sanfordbury, SD 52239', 'f84c1f9d12bafcd72a96159960bd04803bd2fb9d', 937456920, 'hermina53', 'Voluptatem optio quia ex cumque sed voluptatem alias. Eum et qui voluptatum earum sint aut voluptatem. Impedit dolores voluptas sunt vel non. Et sed sunt fugit. Architecto deleniti quisquam et et occaecati alias pariatur.', '2014-12-04 00:00:00', 31);
INSERT INTO Petsitter ([email], [location], [password], [phone], [username], [about_me], [birth_date], [ad_id]) VALUES ('martina74@yahoo.com', '034 Hansen SummitnNew Morton, MO 75022', 'c40d5c0a291f2ce14b178b6dc693e4cd92265cbe', 952335661, 'streich.mable', '', '1973-11-15 00:00:00', 22);
INSERT INTO Petsitter ([email], [location], [password], [phone], [username], [about_me], [birth_date], [ad_id]) VALUES ('marty38@yahoo.com', '165 Williamson TracenNorth Jaimemouth, KY 45253-0056', '77a1991b1a68be11d459f744d5bfb454dc5a223b', 914302617, 'malachi38', '', '1971-09-14 00:00:00', 83);
INSERT INTO Petsitter ([email], [location], [password], [phone], [username], [about_me], [birth_date], [ad_id]) VALUES ('mccullough.shaina@gmail.com', '10902 Bulah Station Suite 685nRosamouth, SD 17314-7963', '38d4fedb4e828fdb99d54a6fd0ce454a39ec9185', 941959158, 'demond.bergnaum', 'Sit omnis eos distinctio placeat temporibus quo voluptates optio. Cumque qui perspiciatis cum aliquid sed adipisci velit. Voluptatum voluptatem labore quod nesciunt optio quia. Quis numquam voluptatem iure perferendis ducimus. Occaecati omnis autem tempor', '1993-12-25 00:00:00', 100);
INSERT INTO Petsitter ([email], [location], [password], [phone], [username], [about_me], [birth_date], [ad_id]) VALUES ('milton14@hotmail.com', '181 Glenna FerrynKennafort, GA 22390', '584fe520b2e17b452f5a7da2d294c136f2b17512', 961404499, 'mmraz', '', '1975-09-17 00:00:00', 47);
INSERT INTO Petsitter ([email], [location], [password], [phone], [username], [about_me], [birth_date], [ad_id]) VALUES ('milton70@hotmail.com', '11297 Nitzsche MountainsnLake Nicoberg, RI 03742-1481', '989c61dfabcfb7d3435223cf0b1bcede779c0d3e', 956993698, 'shanie.wiza', '', '1979-04-17 00:00:00', 52);
INSERT INTO Petsitter ([email], [location], [password], [phone], [username], [about_me], [birth_date], [ad_id]) VALUES ('mitchell.tatum@gmail.com', '7883 Schuster Ramp Apt. 720nRaheemfort, IL 64616', 'bb3314b4429c7b49da6a946d8f512e68fc061381', 965701789, 'champlin.emmy', '', '1976-09-22 00:00:00', 37);
INSERT INTO Petsitter ([email], [location], [password], [phone], [username], [about_me], [birth_date], [ad_id]) VALUES ('mtreutel@hotmail.com', '503 DuBuque Pass Apt. 309nHalvorsonborough, NE 22472', 'a4ade9d187bf2cebcfa146d4d4d068808ac42b20', 959360290, 'phartmann', 'Quia ut sapiente qui officiis explicabo id magni. Amet perspiciatis quo molestiae adipisci porro aut animi. Laboriosam earum accusantium fuga eos odit. Beatae assumenda optio est corrupti totam dolorum optio. Nihil qui quia accusantium pariatur et error a', '1987-05-23 00:00:00', 12);
INSERT INTO Petsitter ([email], [location], [password], [phone], [username], [about_me], [birth_date], [ad_id]) VALUES ('nboehm@hotmail.com', '38476 Daugherty CornernIsaacshire, NJ 28826', 'e935751efe63b371e2d11f27aec680f68e9d9e6b', 959475055, 'glennie09', '', '1974-02-25 00:00:00', 79);
INSERT INTO Petsitter ([email], [location], [password], [phone], [username], [about_me], [birth_date], [ad_id]) VALUES ('nyah39@hotmail.com', '5903 Mohamed LodgenSantinaland, WY 27853', 'd993dfa28df7d5f23cdfa5aaa990517133c476d5', 910271912, 'adriana.wilkinson', '', '1978-03-23 00:00:00', 20);
INSERT INTO Petsitter ([email], [location], [password], [phone], [username], [about_me], [birth_date], [ad_id]) VALUES ('nyah65@yahoo.com', '68136 Christina Prairie Apt. 202nEast Gregory, WA 99854', '0be319e9edef361244442f8d3eb41b3902847242', 937821843, 'fmccullough', '', '2015-08-28 00:00:00', 13);
INSERT INTO Petsitter ([email], [location], [password], [phone], [username], [about_me], [birth_date], [ad_id]) VALUES ('ohilpert@hotmail.com', '11147 Hermann ExtensionsnMaxinestad, AZ 00662', '9d903ec0680f054b20bc5afc3520d2d6cc0f666f', 917982103, 'berge.verda', 'Ipsum unde accusantium sunt consequuntur velit enim minima. Commodi perspiciatis est optio et odit culpa. Ab praesentium eum voluptas iste. Aut optio labore vel voluptas veniam.', '2019-02-26 00:00:00', 72);
INSERT INTO Petsitter ([email], [location], [password], [phone], [username], [about_me], [birth_date], [ad_id]) VALUES ('orn.torey@hotmail.com', '62173 Jerald Groves Apt. 860nNorth Michelebury, AK 25460-5818', '0cc94aa6afcf3054d7ee5b70132b451c3d1822ac', 929604944, 'joana.fahey', '', '2004-11-06 00:00:00', 14);
INSERT INTO Petsitter ([email], [location], [password], [phone], [username], [about_me], [birth_date], [ad_id]) VALUES ('orpha05@hotmail.com', '88709 Cale Camp Apt. 238nOlgashire, MO 06204', '9140cf3609476cfed34956175764adf743579bb3', 948037752, 'breana68', '', '2016-10-19 00:00:00', 23);
INSERT INTO Petsitter ([email], [location], [password], [phone], [username], [about_me], [birth_date], [ad_id]) VALUES ('osinski.savanah@yahoo.com', '8776 Diana Mills Apt. 532nSouth Blancastad, IL 99572-4330', 'da7785808474b3a30d9ab9c496181df4df0f3e27', 928749382, 'uhermiston', 'Sunt accusamus consequatur molestiae doloremque molestiae esse. Nostrum ut sunt velit. Quos incidunt explicabo repellendus ut itaque cum. Est minus aut vel explicabo. Accusamus sequi ad est laudantium quam ut vel. Soluta alias sit odio repellendus.', '2005-02-11 00:00:00', 59);
INSERT INTO Petsitter ([email], [location], [password], [phone], [username], [about_me], [birth_date], [ad_id]) VALUES ('otho.rippin@yahoo.com', '17707 Connelly DalenJusticestad, ME 90227-8223', '03e145d765e40a049cb3520a4c74bda743493017', 959993842, 'fkrajcik', '', '2016-05-10 00:00:00', 84);
INSERT INTO Petsitter ([email], [location], [password], [phone], [username], [about_me], [birth_date], [ad_id]) VALUES ('pcormier@gmail.com', '2569 Goldner Stravenue Apt. 789nJaylinhaven, IN 92204', 'e5c2252e4e8cd3a924c068692ab9c133f0c636ad', 953767380, 'grayson.farrell', 'Aut aut eum expedita dolor autem aspernatur rerum. Quae fuga accusamus quae rem fugit. Illo enim aperiam et. Autem voluptatem voluptatum id culpa qui non corporis. Ad officia modi facere sed recusandae suscipit et. At eum et quos dolores harum quae. Fuga ', '1977-01-11 00:00:00', 11);
INSERT INTO Petsitter ([email], [location], [password], [phone], [username], [about_me], [birth_date], [ad_id]) VALUES ('penelope81@hotmail.com', '4571 Fay Courts Apt. 155nBraunton, RI 07740', '392295da7506e811eda09b722337b6510008a203', 941826459, 'kevin62', '', '2001-06-15 00:00:00', 20);
INSERT INTO Petsitter ([email], [location], [password], [phone], [username], [about_me], [birth_date], [ad_id]) VALUES ('pete67@hotmail.com', '154 Napoleon Creek Apt. 736nHoraceburgh, NH 46633-7491', '87738f1620481c3fda8feeaece05150ccb1f8c12', 925957012, 'sroberts', 'Et ea aut placeat at. Distinctio perspiciatis delectus rerum et est. Quia porro aut voluptatem quia omnis qui. Omnis enim sit illum autem iste itaque officiis. Commodi voluptatibus velit exercitationem quis ut et omnis. Sit natus temporibus quidem vel ess', '1981-09-16 00:00:00', 94);
INSERT INTO Petsitter ([email], [location], [password], [phone], [username], [about_me], [birth_date], [ad_id]) VALUES ('psawayn@hotmail.com', '71252 Edythe Mill Apt. 524nEast John, TX 14550-5495', '0fcf96c987f52385ec8510dae672302543bd6cc2', 939482630, 'yolanda.mosciski', '', '2008-02-10 00:00:00', 34);
INSERT INTO Petsitter ([email], [location], [password], [phone], [username], [about_me], [birth_date], [ad_id]) VALUES ('qgoldner@gmail.com', '202 Sauer ShoresnPort Darrion, PA 47227', '05dc69c088c64d029ca7c9c20f6f2ec7914b2be3', 956671652, 'jeremy28', 'Illum corporis nesciunt reprehenderit nihil officiis. Quo quidem dolorum dolores voluptates aut. Magnam numquam sunt ad est quia aliquid aut. Debitis nam ipsa voluptatibus quia. Neque dolores cumque aut voluptas dolore nihil. Occaecati aliquam ut rem temp', '1974-01-24 00:00:00', 25);
INSERT INTO Petsitter ([email], [location], [password], [phone], [username], [about_me], [birth_date], [ad_id]) VALUES ('quitzon.jordane@gmail.com', '9816 Corine Ridge Suite 633nLake Biankabury, MO 04758', '18144bcfe090792376f81d41c9c19c2ed1031254', 913944979, 'jtillman', 'Expedita magni eveniet sunt asperiores. Distinctio rerum reprehenderit id ipsum consequatur nobis doloribus. Enim aspernatur officiis nam nihil repellat vel reprehenderit. Voluptas laudantium eos quia nemo.', '1982-10-20 00:00:00', 75);
INSERT INTO Petsitter ([email], [location], [password], [phone], [username], [about_me], [birth_date], [ad_id]) VALUES ('qward@gmail.com', '797 Ora StreetnNorth Jeffton, NH 31609', 'ec00d59eec286e975a976c28359aa2f41a1a012e', 942651091, 'zula64', '', '1981-09-12 00:00:00', 40);
INSERT INTO Petsitter ([email], [location], [password], [phone], [username], [about_me], [birth_date], [ad_id]) VALUES ('raul51@hotmail.com', '419 Schmitt TrafficwaynEmilioton, SC 76545', '525f28ce5d2f2f987daa2c485e5c69a343508484', 962793721, 'kkilback', 'Ipsum eum voluptatem qui veritatis. Et omnis tempore ea asperiores. Minima eaque qui totam esse ipsum. Aspernatur aperiam voluptatem veritatis ipsam.', '1999-10-11 00:00:00', 42);
INSERT INTO Petsitter ([email], [location], [password], [phone], [username], [about_me], [birth_date], [ad_id]) VALUES ('rbednar@hotmail.com', '5696 Tillman Burg Suite 717nRomaguerafort, IA 55308-2837', 'a533edfb41a544fea3fb2a7d2657ff155edc2479', 958221263, 'nicholas.satterfield', '', '1974-12-23 00:00:00', 4);
INSERT INTO Petsitter ([email], [location], [password], [phone], [username], [about_me], [birth_date], [ad_id]) VALUES ('reyna80@gmail.com', '65192 Brown Motorway Suite 702nWest Wilmerfort, TN 83114-2881', '89514ee4182b5fc3feb653cd2ab947f1658ba60f', 921544130, 'heidi66', '', '1973-09-17 00:00:00', 87);
INSERT INTO Petsitter ([email], [location], [password], [phone], [username], [about_me], [birth_date], [ad_id]) VALUES ('rickie35@yahoo.com', '89612 Barrows MillnNorth Daija, IN 05740', '26e19e227b30ad7cf446cd7daeec1388b54003cd', 935297722, 'edach', 'Dolorem dignissimos corporis nam omnis recusandae. Unde sequi corrupti blanditiis voluptates et maxime eos. Omnis praesentium cumque vel perspiciatis quibusdam consectetur. Eos ducimus porro adipisci est fugit qui. Hic incidunt voluptas occaecati exercita', '2019-09-20 00:00:00', 45);
INSERT INTO Petsitter ([email], [location], [password], [phone], [username], [about_me], [birth_date], [ad_id]) VALUES ('roberta.rau@gmail.com', '690 Rusty Plains Suite 638nEast Joesphside, OK 21461-8256', '576239d998d31581b0d43f89857727c839146113', 913361633, 'ross01', '', '2004-06-13 00:00:00', 47);
INSERT INTO Petsitter ([email], [location], [password], [phone], [username], [about_me], [birth_date], [ad_id]) VALUES ('roberta.ziemann@yahoo.com', '05590 Cielo ClubnNew Clay, IN 69422-6555', '06e1a77df601570e7854ba86e780c6841fc49821', 928386209, 'vito04', '', '1982-01-29 00:00:00', 8);
INSERT INTO Petsitter ([email], [location], [password], [phone], [username], [about_me], [birth_date], [ad_id]) VALUES ('rohan.zachary@hotmail.com', '1170 Hessel UnderpassnLake Adalinefurt, OR 43676-6400', 'be7efad01e32d70e52760e32ee5489d343042014', 940942032, 'fgraham', '', '1991-03-09 00:00:00', 86);
INSERT INTO Petsitter ([email], [location], [password], [phone], [username], [about_me], [birth_date], [ad_id]) VALUES ('roman48@gmail.com', '9121 Lemke Circle Suite 310nWisozkshire, OR 39473-9302', '47dc18338c0a943ff9dd87229644ec7db432f54e', 949452585, 'ulices45', 'Totam enim commodi consequatur autem ut repellendus id. Voluptas occaecati repudiandae quam quo officiis mollitia aliquid. Voluptates ducimus voluptatem sequi corporis omnis perferendis ipsum. Qui incidunt omnis soluta qui voluptatem.', '1981-04-18 00:00:00', 51);
INSERT INTO Petsitter ([email], [location], [password], [phone], [username], [about_me], [birth_date], [ad_id]) VALUES ('rosenbaum.nedra@yahoo.com', '671 Hoppe SkywaynNorth Mosesside, ME 22439-4080', '3d7610fd4d177b225e62a0c38f01dd8a57e1141f', 956905189, 'uyundt', '', '1979-11-23 00:00:00', 5);
INSERT INTO Petsitter ([email], [location], [password], [phone], [username], [about_me], [birth_date], [ad_id]) VALUES ('savannah10@gmail.com', '05179 Heller Ports Apt. 353nPort Todton, ID 10839', '787c80d3b4ee23033962945769e4574bfc680444', 933571883, 'alia.glover', '', '1971-11-02 00:00:00', 62);
INSERT INTO Petsitter ([email], [location], [password], [phone], [username], [about_me], [birth_date], [ad_id]) VALUES ('schaden.hannah@hotmail.com', '14926 Adrain GreensnEast Graham, AL 38803-5293', '37eafba86f8543c85ce542145e41ee8e4c67a232', 965873112, 'zjohnson', '', '1976-07-17 00:00:00', 54);
INSERT INTO Petsitter ([email], [location], [password], [phone], [username], [about_me], [birth_date], [ad_id]) VALUES ('schneider.mikel@yahoo.com', '56418 Erwin Loaf Apt. 253nPriceburgh, AZ 59704', '8e97eb85fd2f4745bf9598fd7ebc488aba8861a1', 933001459, 'afton75', '', '1987-09-08 00:00:00', 77);
INSERT INTO Petsitter ([email], [location], [password], [phone], [username], [about_me], [birth_date], [ad_id]) VALUES ('schoen.ulises@gmail.com', '5441 Daphney Brook Apt. 212nLake Delberthaven, RI 99814', '6e5c9947904a47dff3bdd17d5a0d15128f2661f8', 928549114, 'liliane20', '', '1982-08-04 00:00:00', 66);
INSERT INTO Petsitter ([email], [location], [password], [phone], [username], [about_me], [birth_date], [ad_id]) VALUES ('senger.dahlia@yahoo.com', '9430 Wilhelmine Route Suite 374nPort Edythfurt, MN 79141-9370', 'f9e4171f31e32980d3813a4a4c4b06f0f445e667', 920368572, 'spinka.ahmed', '', '1984-09-09 00:00:00', 64);
INSERT INTO Petsitter ([email], [location], [password], [phone], [username], [about_me], [birth_date], [ad_id]) VALUES ('sromaguera@yahoo.com', '84240 Heathcote ShorenEmeliemouth, OH 54816', '593dafbbd750bc5199f5b2307b1455041fda4146', 956149850, 'cesar.dxamore', '', '2009-02-04 00:00:00', 18);
INSERT INTO Petsitter ([email], [location], [password], [phone], [username], [about_me], [birth_date], [ad_id]) VALUES ('stamm.scottie@hotmail.com', '147 Sanford Landing Apt. 511nSouth Franco, VA 21217-3893', '87e6b6fe34d48486b716027b7bdb3b638c9121d5', 917122603, 'lempi63', '', '1976-04-03 00:00:00', 12);
INSERT INTO Petsitter ([email], [location], [password], [phone], [username], [about_me], [birth_date], [ad_id]) VALUES ('stanton48@gmail.com', '111 Ashley ParknNorth Alanaton, NM 19845', '32959ab538156874b4363a2e22090a44021a1098', 945479016, 'borer.keyon', '', '2018-03-19 00:00:00', 32);
INSERT INTO Petsitter ([email], [location], [password], [phone], [username], [about_me], [birth_date], [ad_id]) VALUES ('stark.eldridge@hotmail.com', '18665 Weber EstatesnEmoryport, AK 23862-1169', '1f4e0f0989a7ba0811d0d4fd7f9f5af9c8a2b8c7', 925654525, 'ahills', '', '2006-02-01 00:00:00', 24);
INSERT INTO Petsitter ([email], [location], [password], [phone], [username], [about_me], [birth_date], [ad_id]) VALUES ('stokes.kelsi@gmail.com', '8893 Armando Land Suite 424nWest Kamilleside, RI 50830-6538', '044ddbe64ef421ac0c82430f9f47a18628d46763', 923690756, 'helmer.jacobi', 'Minus quibusdam inventore et molestias ipsum delectus. Ea numquam quam non omnis. Omnis ducimus explicabo quibusdam totam at sunt incidunt repellendus. Cum perspiciatis at dolores eveniet vel quos mollitia rerum. Vero incidunt excepturi dolorem nobis duci', '2009-02-16 00:00:00', 35);
INSERT INTO Petsitter ([email], [location], [password], [phone], [username], [about_me], [birth_date], [ad_id]) VALUES ('tbarton@gmail.com', '2558 Williamson FortnMarksview, VA 10533', '0b3f88f1b1f35a0993ce279a8e8203d0f4bb0821', 954379376, 'novella57', 'Facilis expedita quisquam ipsum ea. Modi est maxime ut et tempore. Voluptate quo sequi saepe. Perspiciatis nam nihil voluptas omnis eveniet et voluptatum deleniti. Et molestiae aut nostrum non quisquam beatae perferendis in.', '1997-07-20 00:00:00', 25);
INSERT INTO Petsitter ([email], [location], [password], [phone], [username], [about_me], [birth_date], [ad_id]) VALUES ('ted28@gmail.com', '456 Quinn StreamnRainatown, DC 65330', '98f45d3a4003f61b967b01cc93c0e41eb9063e21', 928406170, 'xschimmel', '', '1981-08-17 00:00:00', 32);
INSERT INTO Petsitter ([email], [location], [password], [phone], [username], [about_me], [birth_date], [ad_id]) VALUES ('temmerich@gmail.com', '24799 Allen Inlet Suite 309nSouth Nyaborough, CT 31039-7155', 'd4a7945f167b654937ab711923f1006ecd0b7b8c', 952242167, 'kgrimes', 'Sit non qui ut temporibus. Ipsam expedita dignissimos qui commodi. Vitae velit tempore nemo illum consequatur. Quo cumque est et vero explicabo vel dignissimos. Omnis aut nam qui consectetur exercitationem nisi dolorem dolorem. Et dolore quam pariatur ut ', '1984-12-31 00:00:00', 15);
INSERT INTO Petsitter ([email], [location], [password], [phone], [username], [about_me], [birth_date], [ad_id]) VALUES ('tess94@hotmail.com', '5084 Magnus Tunnel Suite 360nLake Libby, AK 05670', 'e1a5e2c2d06a6f1f08125021bdfea43561a4c46b', 952198899, 'leann.jenkins', '', '2009-03-05 00:00:00', 27);
INSERT INTO Petsitter ([email], [location], [password], [phone], [username], [about_me], [birth_date], [ad_id]) VALUES ('tevin.botsford@yahoo.com', '553 Considine Union Apt. 422nSchmidtbury, MO 27681-7313', '16e789616e336abfe609ea50fc842b6d1057f643', 933663348, 'aliyah.breitenberg', '', '1978-12-08 00:00:00', 37);
INSERT INTO Petsitter ([email], [location], [password], [phone], [username], [about_me], [birth_date], [ad_id]) VALUES ('theresa.wuckert@hotmail.com', '53959 Bennett Run Apt. 924nOrtizchester, IA 45674', 'cb9c08d037d08bb6b1192f7a7f2aecf479d880da', 964952889, 'riley.murphy', 'Eos quibusdam quas deleniti esse ut dignissimos. Voluptas iusto quo tenetur voluptatum ad. Qui nesciunt beatae quis. Eveniet numquam aliquam sed sunt explicabo dolorem. Minus molestias officia at aperiam sunt.', '2000-05-30 00:00:00', 1);
INSERT INTO Petsitter ([email], [location], [password], [phone], [username], [about_me], [birth_date], [ad_id]) VALUES ('toy.ricky@gmail.com', '8526 Hirthe PlazanEldorabury, MT 48952-0980', '56691059cdaddd0fe82a913eb1b6b579722a937c', 910522887, 'mohammed.runte', 'Quibusdam est ut officiis cum sit dicta reprehenderit. Qui odio perferendis iure et natus quidem sit. Laudantium voluptas doloremque consectetur quos aut. Molestias accusantium earum consequuntur maxime quisquam totam tempora. Harum maiores ex minima nost', '2004-06-19 00:00:00', 38);
INSERT INTO Petsitter ([email], [location], [password], [phone], [username], [about_me], [birth_date], [ad_id]) VALUES ('ulices90@yahoo.com', '59002 Gislason GrovenEnosburgh, NY 48383', '0e1d770103e76391ea779565bdd4c28d0f8d7877', 951830903, 'tremblay.kylie', 'Sunt et omnis est minus porro eveniet consectetur. Et nobis eum laborum nihil quia. Rerum eos qui repellat sit sit unde. Enim voluptatem consectetur commodi occaecati sed. Non dolorem suscipit laudantium deserunt necessitatibus. Voluptatibus est inventore', '1985-09-04 00:00:00', 96);
INSERT INTO Petsitter ([email], [location], [password], [phone], [username], [about_me], [birth_date], [ad_id]) VALUES ('ullrich.hassan@yahoo.com', '1905 Dylan Stravenue Apt. 555nStoltenbergfurt, GA 68851-2500', 'ee6bdfe0a3c92b8a0492e3f6ecbf2696d765bc94', 912727276, 'ymurray', '', '2002-02-21 00:00:00', 36);
INSERT INTO Petsitter ([email], [location], [password], [phone], [username], [about_me], [birth_date], [ad_id]) VALUES ('upton.tre@hotmail.com', '18976 Russel Villages Apt. 521nNew Xander, MD 65357', 'f12fb3443f644096b641de1d780012515bb09671', 928980246, 'hansen.cassidy', 'Expedita sit fuga facilis consequatur est omnis ducimus. Et eos dicta sed asperiores et perferendis nihil. Neque delectus et ipsa sint aspernatur ab. Sit rerum soluta dicta libero ipsa.', '1990-10-09 00:00:00', 68);
INSERT INTO Petsitter ([email], [location], [password], [phone], [username], [about_me], [birth_date], [ad_id]) VALUES ('uschneider@yahoo.com', '4112 Lockman Locks Apt. 603nNew Jayson, WY 15433-3463', 'b8365bd4ba66f6a1d9709fe7e330b4b7ba1793fb', 952427157, 'sister.walter', '', '1971-11-28 00:00:00', 45);
INSERT INTO Petsitter ([email], [location], [password], [phone], [username], [about_me], [birth_date], [ad_id]) VALUES ('valerie70@hotmail.com', '89888 Lynch GrovesnWest Baileeland, ND 79809', '85569adfbe55ef0bd9702a7ab95d83151ffc2321', 938978907, 'ygrimes', 'Ipsum nihil velit deleniti aperiam. Explicabo quisquam delectus ut quo. Et quam ullam voluptas quis. Nisi inventore doloribus aliquid. Exercitationem et ipsam est dolor asperiores commodi quaerat. Qui a quo nihil omnis est.', '1974-07-25 00:00:00', 18);
INSERT INTO Petsitter ([email], [location], [password], [phone], [username], [about_me], [birth_date], [ad_id]) VALUES ('vernon53@hotmail.com', '9942 Shany InletnEast Tyshawnhaven, MS 30686-6473', '851b600df56e32301907ea88b2101b97362e153e', 937193404, 'ghowe', '', '2004-05-21 00:00:00', 39);
INSERT INTO Petsitter ([email], [location], [password], [phone], [username], [about_me], [birth_date], [ad_id]) VALUES ('vgusikowski@hotmail.com', '54039 Ryan Islands Suite 745nSouth Jaclynland, VA 03941-7240', 'cc2236b78be5a1195725f7c698f6e81da8daa388', 945190470, 'randal.runolfsdottir', '', '1987-10-04 00:00:00', 63);
INSERT INTO Petsitter ([email], [location], [password], [phone], [username], [about_me], [birth_date], [ad_id]) VALUES ('vryan@yahoo.com', '749 Lillian PortnLelandton, NY 29506', '21b02e2d9eb3631c6631a2c8f73d1bbf1143723a', 913472507, 'ashlynn19', '', '1971-07-03 00:00:00', 95);
INSERT INTO Petsitter ([email], [location], [password], [phone], [username], [about_me], [birth_date], [ad_id]) VALUES ('vwehner@hotmail.com', '6240 Bruen Field Suite 787nSouth Anissamouth, WY 25436-9017', '597f609f2fc98f27b383e61a571fea97e1e19309', 913597097, 'drohan', 'Illo repellat quasi quo debitis aut. Ipsam culpa cumque amet impedit provident officiis. Illo qui molestias excepturi corrupti a. Culpa iure natus quia aut. Necessitatibus et rerum quia reprehenderit. Qui provident quo deserunt nihil repellendus laudantiu', '2012-08-13 00:00:00', 57);
INSERT INTO Petsitter ([email], [location], [password], [phone], [username], [about_me], [birth_date], [ad_id]) VALUES ('wboyer@gmail.com', '35744 Pat FlatsnJettshire, NJ 10934-0395', 'acd8f91a11eb4e53f9a6e5f52ef121aa2f7ca159', 940912727, 'uorn', '', '1992-10-31 00:00:00', 23);
INSERT INTO Petsitter ([email], [location], [password], [phone], [username], [about_me], [birth_date], [ad_id]) VALUES ('wbradtke@yahoo.com', '3177 Darby Harbor Suite 954nCasperberg, DC 34673', '72fbd22a0b8ede59e64b9769df7bf112d8abb2a1', 941897850, 'jaden.parker', 'Eius nostrum qui pariatur dolorum deleniti. Quia assumenda ea consequatur et. Placeat repudiandae fuga non possimus voluptas inventore aliquid. Dolorum enim aliquam molestiae et accusamus velit. Temporibus quo ea unde itaque tempora molestias minus.', '1983-01-01 00:00:00', 19);
INSERT INTO Petsitter ([email], [location], [password], [phone], [username], [about_me], [birth_date], [ad_id]) VALUES ('west.laurel@yahoo.com', '01965 Kristina Pines Suite 595nPort Celia, WI 15858', '6bdd59a05c5aad733531d34dd5adb7c534d2915a', 960028600, 'abogan', '', '1987-09-14 00:00:00', 27);
INSERT INTO Petsitter ([email], [location], [password], [phone], [username], [about_me], [birth_date], [ad_id]) VALUES ('wilton16@hotmail.com', '717 Hahn Land Apt. 661nBauchburgh, IN 92992', '3c324d3d56f596bc31bdfd501a4c62590e2a4d9b', 916427481, 'reichert.cathrine', '', '2005-05-01 00:00:00', 56);
INSERT INTO Petsitter ([email], [location], [password], [phone], [username], [about_me], [birth_date], [ad_id]) VALUES ('xdicki@gmail.com', '7543 Jaquan Mountains Suite 110nLake Malika, UT 69950', '7ab735864fc63d4909e9c327fb6f61d9d4d18f4a', 916720014, 'miller.ashleigh', 'In quia ipsam aut mollitia commodi optio ratione. Expedita natus accusamus fuga magnam enim consequatur. Ipsam sed sed iusto. Distinctio nesciunt pariatur accusamus dolor praesentium praesentium qui ipsam.', '1973-02-13 00:00:00', 15);
INSERT INTO Petsitter ([email], [location], [password], [phone], [username], [about_me], [birth_date], [ad_id]) VALUES ('ykautzer@gmail.com', '3587 Jaskolski Villages Apt. 413nWuckertborough, NE 90537', 'd1dccb683e83a02b1e9c8614f265d1c31c85ea0c', 943172909, 'yost.wiley', 'Deserunt labore dolore veniam esse corrupti laudantium. Necessitatibus beatae sit qui quia sed eum. Beatae et exercitationem sunt quam. Laudantium ipsum nobis impedit dicta temporibus sint. Explicabo aut distinctio error perferendis sapiente aut. Perspici', '2007-04-01 00:00:00', 19);
INSERT INTO Petsitter ([email], [location], [password], [phone], [username], [about_me], [birth_date], [ad_id]) VALUES ('ypacocha@hotmail.com', '7937 Kautzer Terrace Apt. 041nPort Norastad, AK 22052', '3610ab3dadf8713bb6de92f34a5ea59752e37d9b', 965741946, 'kira15', 'Ducimus harum vel impedit omnis. Qui in dolorem molestiae. Sit porro occaecati voluptatem rerum sequi atque. Voluptate non eaque consequatur. Est ut iusto aut sunt iusto omnis ducimus. Reiciendis magni eius distinctio aut praesentium.', '1979-04-25 00:00:00', 9);
INSERT INTO Petsitter ([email], [location], [password], [phone], [username], [about_me], [birth_date], [ad_id]) VALUES ('zbernier@gmail.com', '39909 Tyrique Lane Apt. 741nSimoneville, WA 74652', '939464a7211525750b22bd6ca82f3ed226f20aed', 925145999, 'batz.katelyn', 'Ex illum officia quam excepturi sint facere quidem. Minima assumenda vel a. Eaque consequatur eos eum et non labore delectus esse. Sapiente molestias necessitatibus et repudiandae est reiciendis. Possimus facere ut nihil enim.', '1990-09-27 00:00:00', 46);
INSERT INTO Petsitter ([email], [location], [password], [phone], [username], [about_me], [birth_date], [ad_id]) VALUES ('zieme.daniella@yahoo.com', '188 Pfannerstill Loaf Suite 772nNew Germanbury, AR 12306-5053', 'c271d8499b60c99fb6323c8d8ae682377db83a16', 935595133, 'roxconner', 'Ex facilis voluptas iure quas recusandae beatae. Animi dolor in earum nobis rerum magnam quos vel. Quia consectetur voluptas est laudantium quisquam nulla maiores. Veritatis aspernatur laborum iure provident error laudantium. Sed enim quibusdam molestias ', '2007-12-24 00:00:00', 7);
INSERT INTO Petsitter ([email], [location], [password], [phone], [username], [about_me], [birth_date], [ad_id]) VALUES ('zkuhlman@hotmail.com', '94830 Rhiannon Glens Suite 181nConstancechester, FL 82568-7811', 'a0b2f428584f726780ded3136bd217d48cc78f6e', 951563103, 'ewolff', '', '1986-12-28 00:00:00', 13);

--
-- TABLE STRUCTURE FOR: Price
--
INSERT INTO Price ([id],[opt],[price]) VALUES (1,'1-3',3), (2, '4-12', 5), (3, '12-24', 8), (4, '0-7', 10), (5, '7-15', 15), (6, '15-25', 20), (7,'25-35',25),(8,'>35',50),(9,'Per hour',6);


--
-- TABLE STRUCTURE FOR: Service
--
INSERT INTO Service VALUES (1,'Companion'),(2,'Bath_Shear'),(3,'Training'),(4,'Companion'),(5,'Training'),(6,'Training'),(7,'Companion'),(8,'Bath_Shear'),(9,'Companion'),(10,'Bath_Shear'),(11,'Bath_Shear'),(12,'Companion'),(13,'Companion'),(14,'Bath_Shear'),(15,'Training'),(16,'Companion'),(17,'Bath_Shear'),(18,'Bath_Shear'),(19,'Training'),(20,'Companion'),(21,'Bath_Shear'),(22,'Training'),(23,'Training'),(24,'Companion'),(25,'Training'),(26,'Companion'),(27,'Bath_Shear'),(28,'Bath_Shear'),(29,'Training'),(30,'Training'),(31,'Bath_Shear'),(32,'Bath_Shear'),(33,'Bath_Shear'),(34,'Bath_Shear'),(35,'Training'),(36,'Training'),(37,'Bath_Shear'),(38,'Companion'),(39,'Bath_Shear'),(40,'Companion'),(41,'Training'),(42,'Companion'),(43,'Bath_Shear'),(44,'Training'),(45,'Training'),(46,'Companion'),(47,'Training'),(48,'Companion'),(49,'Training'),(50,'Companion'),(51,'Training'),(52,'Training'),(53,'Bath_Shear'),(54,'Training'),(55,'Training'),(56,'Bath_Shear'),(57,'Training'),(58,'Bath_Shear'),(59,'Companion'),(60,'Companion'),(61,'Training'),(62,'Companion'),(63,'Companion'),(64,'Bath_Shear'),(65,'Training'),(66,'Bath_Shear'),(67,'Companion'),(68,'Companion'),(69,'Companion'),(70,'Companion'),(71,'Companion'),(72,'Companion'),(73,'Bath_Shear'),(74,'Companion'),(75,'Companion'),(76,'Companion'),(77,'Training'),(78,'Training'),(79,'Companion'),(80,'Bath_Shear'),(81,'Bath_Shear'),(82,'Bath_Shear'),(83,'Bath_Shear'),(84,'Companion'),(85,'Training'),(86,'Companion'),(87,'Training'),(88,'Training'),(89,'Bath_Shear'),(90,'Training'),(91,'Companion'),(92,'Companion'),(93,'Companion'),(94,'Training'),(95,'Bath_Shear'),(96,'Companion'),(97,'Bath_Shear'),(98,'Training'),(99,'Companion'),(100,'Bath_Shear');


--
-- TABLE STRUCTURE FOR: Service_price
--
INSERT INTO Service_Price ([Service_id],[price_id]) VALUES (1,1),(1,2),(1,3),(2,4),(2,5),(2,6),(2,7),(2,8),(3,9);

--
-- TABLE STRUCTURE FOR: ServiceOpt
--
INSERT INTO ServiceOpt VALUES ('1-3',1),('>35',2),('4-12',3),('4-12',4),('7-15',5),('Per hour',6),('25-35',7),('>35',8),('7-15',9),('25-35',10),('25-35',11),('25-35',12),('15-25',13),('7-15',14),('>35',15),('7-15',16),('12-24',17),('Per hour',18),('4-12',19),('0-7',20),('15-25',21),('1-3',22),('12-24',23),('0-7',24),('1-3',25),('>35',26),('12-24',27),('Per hour',28),('7-15',29),('12-24',30),('1-3',31),('1-3',32),('15-25',33),('0-7',34),('15-25',35),('4-12',36),('Per hour',37),('4-12',38),('>35',39),('>35',40),('0-7',41),('0-7',42),('7-15',43),('0-7',44),('Per hour',45),('>35',46),('>35',47),('12-24',48),('>35',49),('1-3',50),('7-15',51),('12-24',52),('25-35',53),('0-7',54),('25-35',55),('0-7',56),('0-7',57),('15-25',58),('25-35',59),('7-15',60),('0-7',61),('>35',62),('25-35',63),('25-35',64),('15-25',65),('>35',66),('>35',67),('Per hour',68),('25-35',69),('12-24',70),('25-35',71),('15-25',72),('0-7',73),('Per hour',74),('1-3',75),('7-15',76),('1-3',77),('1-3',78),('>35',79),('0-7',80),('15-25',81),('7-15',82),('4-12',83),('4-12',84),('Per hour',85),('0-7',86),('Per hour',87),('4-12',88),('4-12',89),('25-35',90),('0-7',91),('7-15',92),('7-15',93),('7-15',94),('4-12',95),('15-25',96),('25-35',97),('15-25',98),('12-24',99),('25-35',100);